,Iterations,Fitness,Time,State,runner_name,current_restart,Restarts
0,1,10.0,0.00012552900000017964,[1 0 0 1 0 0 1 1 0 1 1 0 1 1 0 1],RHC,0,127
1,2,10.0,0.0003431380000000761,[1 0 0 1 0 0 1 1 0 1 1 0 1 1 0 1],RHC,0,127
2,4,10.0,0.0005453930000001161,[1 0 0 1 0 0 1 1 0 1 1 0 1 1 0 1],RHC,0,127
3,8,10.0,0.000815120000000169,[1 0 0 1 0 0 1 1 0 1 1 0 1 1 0 1],RHC,0,127
4,16,10.0,0.0011992740000001945,[1 0 0 1 0 0 1 1 0 1 1 0 1 1 0 1],RHC,0,127
5,32,10.0,0.0018884830000001074,[1 0 0 1 0 0 1 1 0 1 1 0 1 1 0 1],RHC,0,127
6,64,10.0,0.0033243920000001204,[1 0 0 1 0 0 1 1 0 1 1 0 1 1 0 1],RHC,0,127
7,128,10.0,0.006662509000000094,[1 0 0 1 0 0 1 1 0 1 1 0 1 1 0 1],RHC,0,127
8,256,10.0,0.012898650999999983,[1 0 0 1 0 0 1 1 0 1 1 0 1 1 0 1],RHC,0,127
9,512,10.0,0.026845356000000153,[1 0 0 1 0 0 1 1 0 1 1 0 1 1 0 1],RHC,0,127
10,1,8.0,0.028627169000000174,[1 1 0 0 1 0 1 1 0 0 1 1 1 0 0 1],RHC,1,127
11,2,8.0,0.028839746000000055,[1 1 0 0 1 0 1 1 0 0 1 1 1 0 0 1],RHC,1,127
12,4,11.0,0.029069836000000127,[0 1 0 0 1 0 1 1 0 0 1 0 1 0 0 1],RHC,1,127
13,8,11.0,0.029361063000000076,[0 1 0 0 1 0 1 1 0 0 1 0 1 0 0 1],RHC,1,127
14,16,11.0,0.030022031999999976,[0 1 0 0 1 0 1 1 0 0 1 0 1 0 0 1],RHC,1,127
15,32,11.0,0.0307155320000001,[0 1 0 0 1 0 1 1 0 0 1 0 1 0 0 1],RHC,1,127
16,64,11.0,0.03205887800000018,[0 1 0 0 1 0 1 1 0 0 1 0 1 0 0 1],RHC,1,127
17,128,11.0,0.035274407000000174,[0 1 0 0 1 0 1 1 0 0 1 0 1 0 0 1],RHC,1,127
18,256,11.0,0.040675418000000185,[0 1 0 0 1 0 1 1 0 0 1 0 1 0 0 1],RHC,1,127
19,512,11.0,0.05331664800000002,[0 1 0 0 1 0 1 1 0 0 1 0 1 0 0 1],RHC,1,127
20,1,7.0,0.05406629800000018,[1 1 1 0 0 1 0 0 0 1 0 1 1 1 1 0],RHC,2,127
21,2,7.0,0.05431633700000016,[1 1 1 0 0 1 0 0 0 1 0 1 1 1 1 0],RHC,2,127
22,4,9.0,0.05457118900000002,[1 0 1 0 0 1 0 0 0 1 0 1 1 1 1 0],RHC,2,127
23,8,11.0,0.054842080000000015,[1 0 1 0 0 1 0 0 0 1 0 1 1 0 1 0],RHC,2,127
24,16,13.0,0.05526887899999999,[1 0 1 0 0 1 0 1 0 1 0 1 1 0 1 0],RHC,2,127
25,32,13.0,0.055904192000000075,[1 0 1 0 0 1 0 1 0 1 0 1 1 0 1 0],RHC,2,127
26,64,13.0,0.05715466800000013,[1 0 1 0 0 1 0 1 0 1 0 1 1 0 1 0],RHC,2,127
27,128,13.0,0.059877241000000136,[1 0 1 0 0 1 0 1 0 1 0 1 1 0 1 0],RHC,2,127
28,256,13.0,0.06602720700000009,[1 0 1 0 0 1 0 1 0 1 0 1 1 0 1 0],RHC,2,127
29,512,13.0,0.08061126500000015,[1 0 1 0 0 1 0 1 0 1 0 1 1 0 1 0],RHC,2,127
30,1,9.0,0.08147874900000018,[0 0 0 1 1 1 1 0 0 1 0 1 0 1 0 1],RHC,3,127
31,2,11.0,0.08169557599999999,[0 1 0 1 1 1 1 0 0 1 0 1 0 1 0 1],RHC,3,127
32,4,13.0,0.08192904000000012,[0 1 0 1 1 0 1 0 0 1 0 1 0 1 0 1],RHC,3,127
33,8,13.0,0.0822245800000001,[0 1 0 1 1 0 1 0 0 1 0 1 0 1 0 1],RHC,3,127
34,16,13.0,0.08263153000000001,[0 1 0 1 1 0 1 0 0 1 0 1 0 1 0 1],RHC,3,127
35,32,13.0,0.08327736800000007,[0 1 0 1 1 0 1 0 0 1 0 1 0 1 0 1],RHC,3,127
36,64,13.0,0.08446800300000001,[0 1 0 1 1 0 1 0 0 1 0 1 0 1 0 1],RHC,3,127
37,128,13.0,0.08677135100000011,[0 1 0 1 1 0 1 0 0 1 0 1 0 1 0 1],RHC,3,127
38,256,13.0,0.09283205000000017,[0 1 0 1 1 0 1 0 0 1 0 1 0 1 0 1],RHC,3,127
39,512,13.0,0.10457472700000014,[0 1 0 1 1 0 1 0 0 1 0 1 0 1 0 1],RHC,3,127
40,1,8.0,0.10528995900000004,[0 1 0 1 1 1 0 1 1 0 1 1 0 0 0 0],RHC,4,127
41,2,8.0,0.105486478,[0 1 0 1 1 1 0 1 1 0 1 1 0 0 0 0],RHC,4,127
42,4,10.0,0.1057332820000001,[0 1 0 1 1 1 0 1 1 0 1 1 0 0 1 0],RHC,4,127
43,8,10.0,0.10607257100000012,[0 1 0 1 1 1 0 1 1 0 1 1 0 0 1 0],RHC,4,127
44,16,12.0,0.10661549199999998,[0 1 0 1 0 1 0 1 1 0 1 1 0 0 1 0],RHC,4,127
45,32,12.0,0.10754467400000012,[0 1 0 1 0 1 0 1 1 0 1 1 0 0 1 0],RHC,4,127
46,64,12.0,0.10930039300000005,[0 1 0 1 0 1 0 1 1 0 1 1 0 0 1 0],RHC,4,127
47,128,12.0,0.11307660500000005,[0 1 0 1 0 1 0 1 1 0 1 1 0 0 1 0],RHC,4,127
48,256,12.0,0.12020652300000001,[0 1 0 1 0 1 0 1 1 0 1 1 0 0 1 0],RHC,4,127
49,512,12.0,0.13676272700000003,[0 1 0 1 0 1 0 1 1 0 1 1 0 0 1 0],RHC,4,127
50,1,5.0,0.13763288299999998,[0 1 1 0 0 1 1 1 1 1 0 0 0 0 0 1],RHC,5,127
51,2,5.0,0.13783588000000013,[0 1 1 0 0 1 1 1 1 1 0 0 0 0 0 1],RHC,5,127
52,4,7.0,0.1381367870000001,[0 1 1 0 0 1 1 1 1 1 0 1 0 0 0 1],RHC,5,127
53,8,7.0,0.13860907200000017,[0 1 1 0 0 1 1 1 1 1 0 1 0 0 0 1],RHC,5,127
54,16,11.0,0.13940963000000006,[0 1 1 0 0 1 1 0 1 1 0 1 0 1 0 1],RHC,5,127
55,32,11.0,0.14065079800000002,[0 1 1 0 0 1 1 0 1 1 0 1 0 1 0 1],RHC,5,127
56,64,11.0,0.142914553,[0 1 1 0 0 1 1 0 1 1 0 1 0 1 0 1],RHC,5,127
57,128,11.0,0.14739576900000007,[0 1 1 0 0 1 1 0 1 1 0 1 0 1 0 1],RHC,5,127
58,256,11.0,0.1569581910000002,[0 1 1 0 0 1 1 0 1 1 0 1 0 1 0 1],RHC,5,127
59,512,11.0,0.17663574300000007,[0 1 1 0 0 1 1 0 1 1 0 1 0 1 0 1],RHC,5,127
60,1,7.0,0.17740711900000017,[0 0 1 0 1 0 0 0 0 1 1 0 0 0 0 1],RHC,6,127
61,2,7.0,0.17762336300000015,[0 0 1 0 1 0 0 0 0 1 1 0 0 0 0 1],RHC,6,127
62,4,9.0,0.17792105800000013,[0 0 1 0 1 0 0 0 0 1 1 0 1 0 0 1],RHC,6,127
63,8,10.0,0.17838810900000013,[1 0 1 0 1 0 0 0 0 1 1 0 1 0 0 1],RHC,6,127
64,16,12.0,0.17917563600000008,[1 0 1 0 1 0 0 1 0 1 1 0 1 0 0 1],RHC,6,127
65,32,12.0,0.18086489500000003,[1 0 1 0 1 0 0 1 0 1 1 0 1 0 0 1],RHC,6,127
66,64,12.0,0.18388288900000016,[1 0 1 0 1 0 0 1 0 1 1 0 1 0 0 1],RHC,6,127
67,128,12.0,0.18967713100000005,[1 0 1 0 1 0 0 1 0 1 1 0 1 0 0 1],RHC,6,127
68,256,12.0,0.20142712400000007,[1 0 1 0 1 0 0 1 0 1 1 0 1 0 0 1],RHC,6,127
69,512,12.0,0.22978141400000007,[1 0 1 0 1 0 0 1 0 1 1 0 1 0 0 1],RHC,6,127
70,1,11.0,0.230925673,[1 0 1 0 1 0 0 1 0 0 1 1 0 0 1 0],RHC,7,127
71,2,11.0,0.23121301900000013,[1 0 1 0 1 0 0 1 0 0 1 1 0 0 1 0],RHC,7,127
72,4,11.0,0.23159179900000004,[1 0 1 0 1 0 0 1 0 0 1 1 0 0 1 0],RHC,7,127
73,8,11.0,0.2321808470000002,[1 0 1 0 1 0 0 1 0 0 1 1 0 0 1 0],RHC,7,127
74,16,11.0,0.23318601800000005,[1 0 1 0 1 0 0 1 0 0 1 1 0 0 1 0],RHC,7,127
75,32,11.0,0.23540120300000011,[1 0 1 0 1 0 0 1 0 0 1 1 0 0 1 0],RHC,7,127
76,64,11.0,0.24079499300000018,[1 0 1 0 1 0 0 1 0 0 1 1 0 0 1 0],RHC,7,127
77,128,11.0,0.24933135000000006,[1 0 1 0 1 0 0 1 0 0 1 1 0 0 1 0],RHC,7,127
78,256,11.0,0.265894525,[1 0 1 0 1 0 0 1 0 0 1 1 0 0 1 0],RHC,7,127
79,512,11.0,0.30034429400000007,[1 0 1 0 1 0 0 1 0 0 1 1 0 0 1 0],RHC,7,127
80,1,10.0,0.3016305490000002,[1 0 1 0 1 0 1 0 1 1 0 0 0 0 0 1],RHC,8,127
81,2,10.0,0.3019996850000002,[1 0 1 0 1 0 1 0 1 1 0 0 0 0 0 1],RHC,8,127
82,4,10.0,0.30244570300000007,[1 0 1 0 1 0 1 0 1 1 0 0 0 0 0 1],RHC,8,127
83,8,12.0,0.303227731,[1 0 1 0 1 0 1 0 1 1 0 1 0 0 0 1],RHC,8,127
84,16,12.0,0.30463612500000004,[1 0 1 0 1 0 1 0 1 1 0 1 0 0 0 1],RHC,8,127
85,32,14.0,0.307154138,[1 0 1 0 1 0 1 0 1 1 0 1 0 1 0 1],RHC,8,127
86,64,14.0,0.3111476080000002,[1 0 1 0 1 0 1 0 1 1 0 1 0 1 0 1],RHC,8,127
87,128,14.0,0.319294368,[1 0 1 0 1 0 1 0 1 1 0 1 0 1 0 1],RHC,8,127
88,256,14.0,0.336181796,[1 0 1 0 1 0 1 0 1 1 0 1 0 1 0 1],RHC,8,127
89,512,14.0,0.3705642790000001,[1 0 1 0 1 0 1 0 1 1 0 1 0 1 0 1],RHC,8,127
90,1,8.0,0.37182896100000007,[1 1 0 0 1 0 1 1 1 1 0 1 1 0 1 1],RHC,9,127
91,2,9.0,0.37202581600000006,[0 1 0 0 1 0 1 1 1 1 0 1 1 0 1 1],RHC,9,127
92,4,11.0,0.3722480370000001,[0 1 0 0 1 0 1 1 0 1 0 1 1 0 1 1],RHC,9,127
93,8,11.0,0.3725709220000002,[0 1 0 0 1 0 1 1 0 1 0 1 1 0 1 1],RHC,9,127
94,16,11.0,0.37296082500000005,[0 1 0 0 1 0 1 1 0 1 0 1 1 0 1 1],RHC,9,127
95,32,12.0,0.373633283,[0 1 0 0 1 0 1 1 0 1 0 1 1 0 1 0],RHC,9,127
96,64,12.0,0.37480108200000006,[0 1 0 0 1 0 1 1 0 1 0 1 1 0 1 0],RHC,9,127
97,128,12.0,0.3773401730000001,[0 1 0 0 1 0 1 1 0 1 0 1 1 0 1 0],RHC,9,127
98,256,12.0,0.38229534200000015,[0 1 0 0 1 0 1 1 0 1 0 1 1 0 1 0],RHC,9,127
99,512,12.0,0.39487206100000005,[0 1 0 0 1 0 1 1 0 1 0 1 1 0 1 0],RHC,9,127
100,1,10.0,0.3956212920000002,[1 0 0 1 0 1 0 1 0 0 0 0 1 1 0 1],RHC,10,127
101,2,10.0,0.3958457940000002,[1 0 0 1 0 1 0 1 0 0 0 0 1 1 0 1],RHC,10,127
102,4,10.0,0.39609262600000017,[1 0 0 1 0 1 0 1 0 0 0 0 1 1 0 1],RHC,10,127
103,8,10.0,0.396435066,[1 0 0 1 0 1 0 1 0 0 0 0 1 1 0 1],RHC,10,127
104,16,12.0,0.396984609,[1 0 0 1 0 1 0 1 0 0 1 0 1 1 0 1],RHC,10,127
105,32,12.0,0.3979528860000001,[1 0 0 1 0 1 0 1 0 0 1 0 1 1 0 1],RHC,10,127
106,64,12.0,0.39969177,[1 0 0 1 0 1 0 1 0 0 1 0 1 1 0 1],RHC,10,127
107,128,12.0,0.4032161940000001,[1 0 0 1 0 1 0 1 0 0 1 0 1 1 0 1],RHC,10,127
108,256,12.0,0.4111108520000002,[1 0 0 1 0 1 0 1 0 0 1 0 1 1 0 1],RHC,10,127
109,512,12.0,0.4295257570000002,[1 0 0 1 0 1 0 1 0 0 1 0 1 1 0 1],RHC,10,127
110,1,10.0,0.430432578,[1 0 0 1 0 0 1 0 1 0 1 1 0 0 1 1],RHC,11,127
111,2,10.0,0.430653975,[1 0 0 1 0 0 1 0 1 0 1 1 0 0 1 1],RHC,11,127
112,4,10.0,0.430929404,[1 0 0 1 0 0 1 0 1 0 1 1 0 0 1 1],RHC,11,127
113,8,10.0,0.4313944040000002,[1 0 0 1 0 0 1 0 1 0 1 1 0 0 1 1],RHC,11,127
114,16,10.0,0.4322592470000002,[1 0 0 1 0 0 1 0 1 0 1 1 0 0 1 1],RHC,11,127
115,32,10.0,0.43367288300000006,[1 0 0 1 0 0 1 0 1 0 1 1 0 0 1 1],RHC,11,127
116,64,11.0,0.43629863400000013,[1 0 0 1 0 0 1 0 1 0 1 1 0 0 1 0],RHC,11,127
117,128,11.0,0.4417136340000001,[1 0 0 1 0 0 1 0 1 0 1 1 0 0 1 0],RHC,11,127
118,256,11.0,0.45274828600000006,[1 0 0 1 0 0 1 0 1 0 1 1 0 0 1 0],RHC,11,127
119,512,11.0,0.47867154300000014,[1 0 0 1 0 0 1 0 1 0 1 1 0 0 1 0],RHC,11,127
120,1,8.0,0.480266949,[1 1 1 0 0 0 1 0 1 0 0 1 0 0 0 1],RHC,12,127
121,2,8.0,0.4806253930000002,[1 1 1 0 0 0 1 0 1 0 0 1 0 0 0 1],RHC,12,127
122,4,10.0,0.480996902,[1 1 1 0 0 0 1 0 1 0 0 1 0 1 0 1],RHC,12,127
123,8,12.0,0.48155513400000016,[1 1 1 0 1 0 1 0 1 0 0 1 0 1 0 1],RHC,12,127
124,16,13.0,0.48248249200000015,[0 1 1 0 1 0 1 0 1 0 0 1 0 1 0 1],RHC,12,127
125,32,13.0,0.4840166400000001,[0 1 1 0 1 0 1 0 1 0 0 1 0 1 0 1],RHC,12,127
126,64,13.0,0.4873911340000001,[0 1 1 0 1 0 1 0 1 0 0 1 0 1 0 1],RHC,12,127
127,128,13.0,0.494492532,[0 1 1 0 1 0 1 0 1 0 0 1 0 1 0 1],RHC,12,127
128,256,13.0,0.5068406440000002,[0 1 1 0 1 0 1 0 1 0 0 1 0 1 0 1],RHC,12,127
129,512,13.0,0.533549831,[0 1 1 0 1 0 1 0 1 0 0 1 0 1 0 1],RHC,12,127
130,1,7.0,0.5346729510000001,[0 1 1 0 1 1 1 1 0 0 1 0 0 0 1 1],RHC,13,127
131,2,7.0,0.534911943,[0 1 1 0 1 1 1 1 0 0 1 0 0 0 1 1],RHC,13,127
132,4,7.0,0.535258354,[0 1 1 0 1 1 1 1 0 0 1 0 0 0 1 1],RHC,13,127
133,8,7.0,0.5358672040000001,[0 1 1 0 1 1 1 1 0 0 1 0 0 0 1 1],RHC,13,127
134,16,8.0,0.5368676670000001,[0 1 1 0 1 1 1 1 0 0 1 0 0 0 1 0],RHC,13,127
135,32,12.0,0.5389105250000001,[0 1 1 0 1 0 1 1 0 0 1 0 1 0 1 0],RHC,13,127
136,64,12.0,0.5430561520000001,[0 1 1 0 1 0 1 1 0 0 1 0 1 0 1 0],RHC,13,127
137,128,12.0,0.549914024,[0 1 1 0 1 0 1 1 0 0 1 0 1 0 1 0],RHC,13,127
138,256,12.0,0.5638902350000001,[0 1 1 0 1 0 1 1 0 0 1 0 1 0 1 0],RHC,13,127
139,512,12.0,0.5926956050000001,[0 1 1 0 1 0 1 1 0 0 1 0 1 0 1 0],RHC,13,127
140,1,8.0,0.593644788,[0 1 1 1 0 1 0 0 0 1 0 0 1 0 0 0],RHC,14,127
141,2,10.0,0.5939002320000002,[0 1 1 1 0 1 0 0 0 1 0 0 1 0 1 0],RHC,14,127
142,4,14.0,0.594270767,[0 1 0 1 0 1 0 1 0 1 0 0 1 0 1 0],RHC,14,127
143,8,14.0,0.5948766890000001,[0 1 0 1 0 1 0 1 0 1 0 0 1 0 1 0],RHC,14,127
144,16,14.0,0.5959357170000001,[0 1 0 1 0 1 0 1 0 1 0 0 1 0 1 0],RHC,14,127
145,32,14.0,0.598013374,[0 1 0 1 0 1 0 1 0 1 0 0 1 0 1 0],RHC,14,127
146,64,14.0,0.601961057,[0 1 0 1 0 1 0 1 0 1 0 0 1 0 1 0],RHC,14,127
147,128,14.0,0.6098679950000001,[0 1 0 1 0 1 0 1 0 1 0 0 1 0 1 0],RHC,14,127
148,256,14.0,0.6264949660000001,[0 1 0 1 0 1 0 1 0 1 0 0 1 0 1 0],RHC,14,127
149,512,14.0,0.664630899,[0 1 0 1 0 1 0 1 0 1 0 0 1 0 1 0],RHC,14,127
150,1,5.0,0.6659670770000001,[1 1 0 1 1 0 1 1 1 1 1 1 1 0 0 0],RHC,15,127
151,2,7.0,0.66632281,[1 1 0 1 1 0 1 1 1 1 0 1 1 0 0 0],RHC,15,127
152,4,7.0,0.6668426470000002,[1 1 0 1 1 0 1 1 1 1 0 1 1 0 0 0],RHC,15,127
153,8,10.0,0.6675734690000001,[0 1 0 1 1 0 1 1 0 1 0 1 1 0 0 0],RHC,15,127
154,16,11.0,0.668837734,[0 1 0 1 1 0 1 1 0 1 0 1 1 0 0 1],RHC,15,127
155,32,11.0,0.6713655230000002,[0 1 0 1 1 0 1 1 0 1 0 1 1 0 0 1],RHC,15,127
156,64,11.0,0.6765928320000001,[0 1 0 1 1 0 1 1 0 1 0 1 1 0 0 1],RHC,15,127
157,128,11.0,0.6868535250000001,[0 1 0 1 1 0 1 1 0 1 0 1 1 0 0 1],RHC,15,127
158,256,11.0,0.7077222540000001,[0 1 0 1 1 0 1 1 0 1 0 1 1 0 0 1],RHC,15,127
159,512,11.0,0.7500335960000002,[0 1 0 1 1 0 1 1 0 1 0 1 1 0 0 1],RHC,15,127
160,1,9.0,0.7514991710000001,[0 1 1 0 0 1 0 1 0 0 0 1 0 0 0 1],RHC,16,127
161,2,11.0,0.751802364,[0 1 1 0 0 1 0 1 0 1 0 1 0 0 0 1],RHC,16,127
162,4,13.0,0.75227391,[0 1 1 0 0 1 0 1 0 1 0 1 0 1 0 1],RHC,16,127
163,8,13.0,0.7530551810000001,[0 1 1 0 0 1 0 1 0 1 0 1 0 1 0 1],RHC,16,127
164,16,13.0,0.7545813730000002,[0 1 1 0 0 1 0 1 0 1 0 1 0 1 0 1],RHC,16,127
165,32,13.0,0.7574459580000001,[0 1 1 0 0 1 0 1 0 1 0 1 0 1 0 1],RHC,16,127
166,64,13.0,0.762469842,[0 1 1 0 0 1 0 1 0 1 0 1 0 1 0 1],RHC,16,127
167,128,13.0,0.7723925030000001,[0 1 1 0 0 1 0 1 0 1 0 1 0 1 0 1],RHC,16,127
168,256,13.0,0.7923704280000001,[0 1 1 0 0 1 0 1 0 1 0 1 0 1 0 1],RHC,16,127
169,512,13.0,0.8351141160000002,[0 1 1 0 0 1 0 1 0 1 0 1 0 1 0 1],RHC,16,127
170,1,8.0,0.8367249830000001,[1 1 1 1 1 0 0 0 1 0 1 1 0 1 0 1],RHC,17,127
171,2,8.0,0.837039064,[1 1 1 1 1 0 0 0 1 0 1 1 0 1 0 1],RHC,17,127
172,4,8.0,0.8375258060000002,[1 1 1 1 1 0 0 0 1 0 1 1 0 1 0 1],RHC,17,127
173,8,12.0,0.8388273000000002,[1 0 1 1 1 0 1 0 1 0 1 1 0 1 0 1],RHC,17,127
174,16,12.0,0.8404925140000001,[1 0 1 1 1 0 1 0 1 0 1 1 0 1 0 1],RHC,17,127
175,32,14.0,0.843417657,[1 0 1 0 1 0 1 0 1 0 1 1 0 1 0 1],RHC,17,127
176,64,14.0,0.8493638760000002,[1 0 1 0 1 0 1 0 1 0 1 1 0 1 0 1],RHC,17,127
177,128,14.0,0.8621443530000001,[1 0 1 0 1 0 1 0 1 0 1 1 0 1 0 1],RHC,17,127
178,256,14.0,0.8878523,[1 0 1 0 1 0 1 0 1 0 1 1 0 1 0 1],RHC,17,127
179,512,14.0,0.942686141,[1 0 1 0 1 0 1 0 1 0 1 1 0 1 0 1],RHC,17,127
180,1,10.0,0.9448820990000002,[0 0 1 0 1 0 1 1 0 1 1 0 0 1 0 0],RHC,18,127
181,2,11.0,0.9454718520000001,[0 0 1 0 1 0 1 1 0 1 1 0 0 1 0 1],RHC,18,127
182,4,11.0,0.9461638170000002,[0 0 1 0 1 0 1 1 0 1 1 0 0 1 0 1],RHC,18,127
183,8,11.0,0.9472189940000002,[0 0 1 0 1 0 1 1 0 1 1 0 0 1 0 1],RHC,18,127
184,16,11.0,0.948911831,[0 0 1 0 1 0 1 1 0 1 1 0 0 1 0 1],RHC,18,127
185,32,11.0,0.95219315,[0 0 1 0 1 0 1 1 0 1 1 0 0 1 0 1],RHC,18,127
186,64,12.0,0.95868073,[1 0 1 0 1 0 1 1 0 1 1 0 0 1 0 1],RHC,18,127
187,128,12.0,0.971181995,[1 0 1 0 1 0 1 1 0 1 1 0 0 1 0 1],RHC,18,127
188,256,12.0,0.9963387270000001,[1 0 1 0 1 0 1 1 0 1 1 0 0 1 0 1],RHC,18,127
189,512,12.0,1.0484362180000002,[1 0 1 0 1 0 1 1 0 1 1 0 0 1 0 1],RHC,18,127
190,1,8.0,1.0499942740000001,[1 0 0 1 1 0 1 1 0 1 1 1 1 1 0 1],RHC,19,127
191,2,8.0,1.050462256,[1 0 0 1 1 0 1 1 0 1 1 1 1 1 0 1],RHC,19,127
192,4,8.0,1.0510740670000003,[1 0 0 1 1 0 1 1 0 1 1 1 1 1 0 1],RHC,19,127
193,8,8.0,1.0520204280000003,[1 0 0 1 1 0 1 1 0 1 1 1 1 1 0 1],RHC,19,127
194,16,10.0,1.0539695860000002,[1 0 0 1 1 0 1 1 0 1 1 1 0 1 0 1],RHC,19,127
195,32,12.0,1.0578110000000003,[1 0 0 1 1 0 1 1 0 1 0 1 0 1 0 1],RHC,19,127
196,64,12.0,1.065483512,[1 0 0 1 1 0 1 1 0 1 0 1 0 1 0 1],RHC,19,127
197,128,12.0,1.080702828,[1 0 0 1 1 0 1 1 0 1 0 1 0 1 0 1],RHC,19,127
198,256,12.0,1.1132940519999999,[1 0 0 1 1 0 1 1 0 1 0 1 0 1 0 1],RHC,19,127
199,512,12.0,1.1867446500000003,[1 0 0 1 1 0 1 1 0 1 0 1 0 1 0 1],RHC,19,127
200,1,7.0,1.1882613290000001,[0 0 1 0 1 0 0 1 0 0 0 1 1 1 1 1],RHC,20,127
201,2,9.0,1.188647293,[0 0 1 0 1 0 0 1 0 0 0 1 0 1 1 1],RHC,20,127
202,4,11.0,1.189227933,[0 0 1 0 1 0 0 1 0 1 0 1 0 1 1 1],RHC,20,127
203,8,13.0,1.190260787,[0 0 1 0 1 0 0 1 0 1 0 1 0 1 0 1],RHC,20,127
204,16,14.0,1.19213372,[1 0 1 0 1 0 0 1 0 1 0 1 0 1 0 1],RHC,20,127
205,32,14.0,1.195766159,[1 0 1 0 1 0 0 1 0 1 0 1 0 1 0 1],RHC,20,127
206,64,14.0,1.2028011060000001,[1 0 1 0 1 0 0 1 0 1 0 1 0 1 0 1],RHC,20,127
207,128,14.0,1.2175753370000002,[1 0 1 0 1 0 0 1 0 1 0 1 0 1 0 1],RHC,20,127
208,256,14.0,1.248102617,[1 0 1 0 1 0 0 1 0 1 0 1 0 1 0 1],RHC,20,127
209,512,14.0,1.3222403620000003,[1 0 1 0 1 0 0 1 0 1 0 1 0 1 0 1],RHC,20,127
210,1,7.0,1.323994191,[0 0 0 0 1 1 0 1 0 0 0 0 1 0 0 1],RHC,21,127
211,2,7.0,1.324451847,[0 0 0 0 1 1 0 1 0 0 0 0 1 0 0 1],RHC,21,127
212,4,9.0,1.3251450960000002,[0 0 1 0 1 1 0 1 0 0 0 0 1 0 0 1],RHC,21,127
213,8,10.0,1.3263556020000002,[1 0 1 0 1 1 0 1 0 0 0 0 1 0 0 1],RHC,21,127
214,16,12.0,1.3287750770000002,[1 0 1 0 1 1 0 1 0 1 0 0 1 0 0 1],RHC,21,127
215,32,12.0,1.3336223200000001,[1 0 1 0 1 1 0 1 0 1 0 0 1 0 0 1],RHC,21,127
216,64,12.0,1.344290378,[1 0 1 0 1 1 0 1 0 1 0 0 1 0 0 1],RHC,21,127
217,128,12.0,1.364285318,[1 0 1 0 1 1 0 1 0 1 0 0 1 0 0 1],RHC,21,127
218,256,12.0,1.4016302050000002,[1 0 1 0 1 1 0 1 0 1 0 0 1 0 0 1],RHC,21,127
219,512,12.0,1.4690397150000003,[1 0 1 0 1 1 0 1 0 1 0 0 1 0 0 1],RHC,21,127
220,1,6.0,1.471077361,[1 0 1 0 0 0 0 0 1 1 1 1 1 1 0 1],RHC,22,127
221,2,8.0,1.471509075,[1 0 1 0 0 0 0 0 1 0 1 1 1 1 0 1],RHC,22,127
222,4,12.0,1.4723570369999999,[1 0 1 0 0 0 1 0 1 0 1 1 0 1 0 1],RHC,22,127
223,8,12.0,1.4738957180000003,[1 0 1 0 0 0 1 0 1 0 1 1 0 1 0 1],RHC,22,127
224,16,14.0,1.4764141210000001,[1 0 1 0 1 0 1 0 1 0 1 1 0 1 0 1],RHC,22,127
225,32,14.0,1.4808294130000001,[1 0 1 0 1 0 1 0 1 0 1 1 0 1 0 1],RHC,22,127
226,64,14.0,1.4915310520000002,[1 0 1 0 1 0 1 0 1 0 1 1 0 1 0 1],RHC,22,127
227,128,14.0,1.510737173,[1 0 1 0 1 0 1 0 1 0 1 1 0 1 0 1],RHC,22,127
228,256,14.0,1.5498326030000003,[1 0 1 0 1 0 1 0 1 0 1 1 0 1 0 1],RHC,22,127
229,512,14.0,1.625055494,[1 0 1 0 1 0 1 0 1 0 1 1 0 1 0 1],RHC,22,127
230,1,8.0,1.626733618,[0 1 0 1 0 0 0 0 0 1 0 1 0 0 0 0],RHC,23,127
231,2,8.0,1.6271682170000001,[0 1 0 1 0 0 0 0 0 1 0 1 0 0 0 0],RHC,23,127
232,4,8.0,1.6278185150000002,[0 1 0 1 0 0 0 0 0 1 0 1 0 0 0 0],RHC,23,127
233,8,10.0,1.629032425,[0 1 0 1 0 0 0 0 0 1 0 1 0 0 1 0],RHC,23,127
234,16,12.0,1.6313145949999999,[0 1 0 1 0 0 1 0 0 1 0 1 0 0 1 0],RHC,23,127
235,32,12.0,1.6357140680000002,[0 1 0 1 0 0 1 0 0 1 0 1 0 0 1 0],RHC,23,127
236,64,12.0,1.6443898129999999,[0 1 0 1 0 0 1 0 0 1 0 1 0 0 1 0],RHC,23,127
237,128,12.0,1.6618223240000003,[0 1 0 1 0 0 1 0 0 1 0 1 0 0 1 0],RHC,23,127
238,256,12.0,1.6987062940000002,[0 1 0 1 0 0 1 0 0 1 0 1 0 0 1 0],RHC,23,127
239,512,12.0,1.7797461570000002,[0 1 0 1 0 0 1 0 0 1 0 1 0 0 1 0],RHC,23,127
240,1,11.0,1.782177487,[0 1 1 0 1 0 1 0 1 0 0 1 1 1 0 1],RHC,24,127
241,2,11.0,1.782817902,[0 1 1 0 1 0 1 0 1 0 0 1 1 1 0 1],RHC,24,127
242,4,11.0,1.7838006360000003,[0 1 1 0 1 0 1 0 1 0 0 1 1 1 0 1],RHC,24,127
243,8,13.0,1.785526949,[0 1 1 0 1 0 1 0 1 0 0 1 0 1 0 1],RHC,24,127
244,16,13.0,1.788056897,[0 1 1 0 1 0 1 0 1 0 0 1 0 1 0 1],RHC,24,127
245,32,13.0,1.792868154,[0 1 1 0 1 0 1 0 1 0 0 1 0 1 0 1],RHC,24,127
246,64,13.0,1.80275875,[0 1 1 0 1 0 1 0 1 0 0 1 0 1 0 1],RHC,24,127
247,128,13.0,1.8221874390000001,[0 1 1 0 1 0 1 0 1 0 0 1 0 1 0 1],RHC,24,127
248,256,13.0,1.859391669,[0 1 1 0 1 0 1 0 1 0 0 1 0 1 0 1],RHC,24,127
249,512,13.0,1.9405571719999999,[0 1 1 0 1 0 1 0 1 0 0 1 0 1 0 1],RHC,24,127
250,1,8.0,1.942504995,[0 1 0 1 0 1 1 1 0 0 0 0 0 1 1 0],RHC,25,127
251,2,8.0,1.9430182329999999,[0 1 0 1 0 1 1 1 0 0 0 0 0 1 1 0],RHC,25,127
252,4,10.0,1.94405499,[0 1 0 1 0 1 1 1 0 0 1 0 0 1 1 0],RHC,25,127
253,8,10.0,1.945762194,[0 1 0 1 0 1 1 1 0 0 1 0 0 1 1 0],RHC,25,127
254,16,10.0,1.951540544,[0 1 0 1 0 1 1 1 0 0 1 0 0 1 1 0],RHC,25,127
255,32,10.0,1.957814611,[0 1 0 1 0 1 1 1 0 0 1 0 0 1 1 0],RHC,25,127
256,64,12.0,1.970043781,[0 1 0 1 0 1 0 1 0 0 1 0 0 1 1 0],RHC,25,127
257,128,12.0,1.994066339,[0 1 0 1 0 1 0 1 0 0 1 0 0 1 1 0],RHC,25,127
258,256,12.0,2.038972156,[0 1 0 1 0 1 0 1 0 0 1 0 0 1 1 0],RHC,25,127
259,512,12.0,2.124265628,[0 1 0 1 0 1 0 1 0 0 1 0 0 1 1 0],RHC,25,127
260,1,8.0,2.1261495450000005,[1 0 0 1 0 0 1 1 1 0 1 0 1 1 1 1],RHC,26,127
261,2,9.0,2.1266536470000004,[1 0 0 1 0 0 1 1 1 0 1 0 1 1 1 0],RHC,26,127
262,4,9.0,2.127419592,[1 0 0 1 0 0 1 1 1 0 1 0 1 1 1 0],RHC,26,127
263,8,9.0,2.1288091600000003,[1 0 0 1 0 0 1 1 1 0 1 0 1 1 1 0],RHC,26,127
264,16,11.0,2.131527644,[1 0 0 1 0 0 1 0 1 0 1 0 1 1 1 0],RHC,26,127
265,32,13.0,2.136679321,[1 0 0 1 0 0 1 0 1 0 1 0 1 0 1 0],RHC,26,127
266,64,13.0,2.1477491779999998,[1 0 0 1 0 0 1 0 1 0 1 0 1 0 1 0],RHC,26,127
267,128,13.0,2.17157466,[1 0 0 1 0 0 1 0 1 0 1 0 1 0 1 0],RHC,26,127
268,256,13.0,2.2193712560000005,[1 0 0 1 0 0 1 0 1 0 1 0 1 0 1 0],RHC,26,127
269,512,13.0,2.3113066280000005,[1 0 0 1 0 0 1 0 1 0 1 0 1 0 1 0],RHC,26,127
270,1,8.0,2.3132433910000003,[1 1 0 1 1 1 1 0 1 1 1 0 0 1 0 1],RHC,27,127
271,2,9.0,2.313741418,[0 1 0 1 1 1 1 0 1 1 1 0 0 1 0 1],RHC,27,127
272,4,11.0,2.314548696,[0 1 0 1 1 1 1 0 1 0 1 0 0 1 0 1],RHC,27,127
273,8,13.0,2.3162533009999997,[0 1 0 1 0 1 1 0 1 0 1 0 0 1 0 1],RHC,27,127
274,16,13.0,2.319321587,[0 1 0 1 0 1 1 0 1 0 1 0 0 1 0 1],RHC,27,127
275,32,13.0,2.3252410269999997,[0 1 0 1 0 1 1 0 1 0 1 0 0 1 0 1],RHC,27,127
276,64,13.0,2.3365192649999997,[0 1 0 1 0 1 1 0 1 0 1 0 0 1 0 1],RHC,27,127
277,128,13.0,2.3594898330000005,[0 1 0 1 0 1 1 0 1 0 1 0 0 1 0 1],RHC,27,127
278,256,13.0,2.4125799,[0 1 0 1 0 1 1 0 1 0 1 0 0 1 0 1],RHC,27,127
279,512,13.0,2.513974125,[0 1 0 1 0 1 1 0 1 0 1 0 0 1 0 1],RHC,27,127
280,1,7.0,2.5162912760000005,[1 1 0 1 1 0 0 0 1 0 1 1 1 1 1 0],RHC,28,127
281,2,7.0,2.516826019,[1 1 0 1 1 0 0 0 1 0 1 1 1 1 1 0],RHC,28,127
282,4,7.0,2.517661459,[1 1 0 1 1 0 0 0 1 0 1 1 1 1 1 0],RHC,28,127
283,8,9.0,2.519220304,[1 1 0 1 1 0 0 0 1 0 1 1 0 1 1 0],RHC,28,127
284,16,11.0,2.522371775,[1 1 0 1 1 0 1 0 1 0 1 1 0 1 1 0],RHC,28,127
285,32,12.0,2.5283611520000004,[0 1 0 1 1 0 1 0 1 0 1 1 0 1 1 0],RHC,28,127
286,64,12.0,2.5401207269999997,[0 1 0 1 1 0 1 0 1 0 1 1 0 1 1 0],RHC,28,127
287,128,12.0,2.5633484290000004,[0 1 0 1 1 0 1 0 1 0 1 1 0 1 1 0],RHC,28,127
288,256,12.0,2.613735909,[0 1 0 1 1 0 1 0 1 0 1 1 0 1 1 0],RHC,28,127
289,512,12.0,2.7164906650000002,[0 1 0 1 1 0 1 0 1 0 1 1 0 1 1 0],RHC,28,127
290,1,12.0,2.7187327010000004,[1 1 0 1 1 0 1 0 1 1 0 1 0 1 0 1],RHC,29,127
291,2,13.0,2.719452713,[0 1 0 1 1 0 1 0 1 1 0 1 0 1 0 1],RHC,29,127
292,4,13.0,2.7203874700000004,[0 1 0 1 1 0 1 0 1 1 0 1 0 1 0 1],RHC,29,127
293,8,13.0,2.72229381,[0 1 0 1 1 0 1 0 1 1 0 1 0 1 0 1],RHC,29,127
294,16,13.0,2.725444284,[0 1 0 1 1 0 1 0 1 1 0 1 0 1 0 1],RHC,29,127
295,32,13.0,2.731604794,[0 1 0 1 1 0 1 0 1 1 0 1 0 1 0 1],RHC,29,127
296,64,13.0,2.7438724280000004,[0 1 0 1 1 0 1 0 1 1 0 1 0 1 0 1],RHC,29,127
297,128,13.0,2.7683205730000005,[0 1 0 1 1 0 1 0 1 1 0 1 0 1 0 1],RHC,29,127
298,256,13.0,2.822559943,[0 1 0 1 1 0 1 0 1 1 0 1 0 1 0 1],RHC,29,127
299,512,13.0,2.9315807430000005,[0 1 0 1 1 0 1 0 1 1 0 1 0 1 0 1],RHC,29,127
300,1,7.0,2.93397666,[1 0 0 1 0 0 0 1 0 0 0 0 0 0 1 0],RHC,30,127
301,2,9.0,2.9345929899999996,[1 0 0 1 0 0 0 1 0 0 0 0 1 0 1 0],RHC,30,127
302,4,9.0,2.9356087639999995,[1 0 0 1 0 0 0 1 0 0 0 0 1 0 1 0],RHC,30,127
303,8,11.0,2.937387242,[1 0 0 1 0 1 0 1 0 0 0 0 1 0 1 0],RHC,30,127
304,16,13.0,2.941246736,[1 0 0 1 0 1 0 1 0 0 1 0 1 0 1 0],RHC,30,127
305,32,13.0,2.948023128,[1 0 0 1 0 1 0 1 0 0 1 0 1 0 1 0],RHC,30,127
306,64,13.0,2.961572556,[1 0 0 1 0 1 0 1 0 0 1 0 1 0 1 0],RHC,30,127
307,128,13.0,2.9886296359999998,[1 0 0 1 0 1 0 1 0 0 1 0 1 0 1 0],RHC,30,127
308,256,13.0,3.042284766,[1 0 0 1 0 1 0 1 0 0 1 0 1 0 1 0],RHC,30,127
309,512,13.0,3.1633095329999996,[1 0 0 1 0 1 0 1 0 0 1 0 1 0 1 0],RHC,30,127
310,1,9.0,3.1658960699999996,[0 1 1 1 1 0 1 0 1 0 0 0 1 1 0 1],RHC,31,127
311,2,9.0,3.1665056099999997,[0 1 1 1 1 0 1 0 1 0 0 0 1 1 0 1],RHC,31,127
312,4,9.0,3.1675890319999995,[0 1 1 1 1 0 1 0 1 0 0 0 1 1 0 1],RHC,31,127
313,8,9.0,3.169508007,[0 1 1 1 1 0 1 0 1 0 0 0 1 1 0 1],RHC,31,127
314,16,13.0,3.1731876779999997,[0 1 0 1 1 0 1 0 1 0 1 0 1 1 0 1],RHC,31,127
315,32,13.0,3.180439162,[0 1 0 1 1 0 1 0 1 0 1 0 1 1 0 1],RHC,31,127
316,64,13.0,3.1948724229999996,[0 1 0 1 1 0 1 0 1 0 1 0 1 1 0 1],RHC,31,127
317,128,13.0,3.2235816919999998,[0 1 0 1 1 0 1 0 1 0 1 0 1 1 0 1],RHC,31,127
318,256,13.0,3.28347077,[0 1 0 1 1 0 1 0 1 0 1 0 1 1 0 1],RHC,31,127
319,512,13.0,3.410805046,[0 1 0 1 1 0 1 0 1 0 1 0 1 1 0 1],RHC,31,127
320,1,5.0,3.413487397,[0 0 0 1 1 1 0 0 1 1 0 0 0 1 1 1],RHC,32,127
321,2,7.0,3.414153292,[0 0 0 1 1 1 0 0 1 1 0 1 0 1 1 1],RHC,32,127
322,4,7.0,3.415259387,[0 0 0 1 1 1 0 0 1 1 0 1 0 1 1 1],RHC,32,127
323,8,9.0,3.4173723569999996,[1 0 0 1 1 1 0 0 1 1 0 1 0 1 1 0],RHC,32,127
324,16,9.0,3.421727656,[1 0 0 1 1 1 0 0 1 1 0 1 0 1 1 0],RHC,32,127
325,32,9.0,3.4293421139999998,[1 0 0 1 1 1 0 0 1 1 0 1 0 1 1 0],RHC,32,127
326,64,11.0,3.4457347159999996,[1 0 0 1 0 1 0 0 1 1 0 1 0 1 1 0],RHC,32,127
327,128,11.0,3.4765276929999995,[1 0 0 1 0 1 0 0 1 1 0 1 0 1 1 0],RHC,32,127
328,256,11.0,3.5427254120000002,[1 0 0 1 0 1 0 0 1 1 0 1 0 1 1 0],RHC,32,127
329,512,11.0,3.675951014,[1 0 0 1 0 1 0 0 1 1 0 1 0 1 1 0],RHC,32,127
330,1,6.0,3.6787138629999996,[0 1 0 0 0 1 1 1 0 0 1 1 1 1 1 0],RHC,33,127
331,2,6.0,3.679421694,[0 1 0 0 0 1 1 1 0 0 1 1 1 1 1 0],RHC,33,127
332,4,8.0,3.6806081949999996,[0 1 0 0 0 1 1 1 0 0 1 1 1 0 1 0],RHC,33,127
333,8,8.0,3.6827705589999997,[0 1 0 0 0 1 1 1 0 0 1 1 1 0 1 0],RHC,33,127
334,16,10.0,3.687010626,[0 1 0 0 0 1 1 1 0 0 1 0 1 0 1 0],RHC,33,127
335,32,12.0,3.69534832,[0 1 0 1 0 1 1 1 0 0 1 0 1 0 1 0],RHC,33,127
336,64,14.0,3.7116517909999995,[0 1 0 1 0 1 0 1 0 0 1 0 1 0 1 0],RHC,33,127
337,128,14.0,3.745388029,[0 1 0 1 0 1 0 1 0 0 1 0 1 0 1 0],RHC,33,127
338,256,14.0,3.817178246,[0 1 0 1 0 1 0 1 0 0 1 0 1 0 1 0],RHC,33,127
339,512,14.0,3.9597179799999997,[0 1 0 1 0 1 0 1 0 0 1 0 1 0 1 0],RHC,33,127
340,1,7.0,3.962714345,[1 1 0 0 1 0 1 1 0 0 1 1 0 0 0 0],RHC,34,127
341,2,7.0,3.963436832,[1 1 0 0 1 0 1 1 0 0 1 1 0 0 0 0],RHC,34,127
342,4,10.0,3.964702894,[0 1 0 0 1 0 1 1 0 0 1 1 0 0 1 0],RHC,34,127
343,8,10.0,3.967029461,[0 1 0 0 1 0 1 1 0 0 1 1 0 0 1 0],RHC,34,127
344,16,10.0,3.971535403,[0 1 0 0 1 0 1 1 0 0 1 1 0 0 1 0],RHC,34,127
345,32,10.0,3.980628384,[0 1 0 0 1 0 1 1 0 0 1 1 0 0 1 0],RHC,34,127
346,64,10.0,3.998444634,[0 1 0 0 1 0 1 1 0 0 1 1 0 0 1 0],RHC,34,127
347,128,10.0,4.0344292059999995,[0 1 0 0 1 0 1 1 0 0 1 1 0 0 1 0],RHC,34,127
348,256,10.0,4.111058112,[0 1 0 0 1 0 1 1 0 0 1 1 0 0 1 0],RHC,34,127
349,512,10.0,4.257752127,[0 1 0 0 1 0 1 1 0 0 1 1 0 0 1 0],RHC,34,127
350,1,5.0,4.261007231,[0 0 1 1 0 0 0 0 0 1 1 0 0 0 0 1],RHC,35,127
351,2,7.0,4.261816007,[0 0 1 1 0 0 0 1 0 1 1 0 0 0 0 1],RHC,35,127
352,4,7.0,4.263454662,[0 0 1 1 0 0 0 1 0 1 1 0 0 0 0 1],RHC,35,127
353,8,7.0,4.266077393,[0 0 1 1 0 0 0 1 0 1 1 0 0 0 0 1],RHC,35,127
354,16,7.0,4.271124544,[0 0 1 1 0 0 0 1 0 1 1 0 0 0 0 1],RHC,35,127
355,32,10.0,4.280656985,[1 0 1 1 0 0 0 1 0 1 1 0 1 0 0 1],RHC,35,127
356,64,10.0,4.300855611,[1 0 1 1 0 0 0 1 0 1 1 0 1 0 0 1],RHC,35,127
357,128,12.0,4.3392255109999995,[1 0 1 1 0 1 0 1 0 1 1 0 1 0 0 1],RHC,35,127
358,256,12.0,4.413352548,[1 0 1 1 0 1 0 1 0 1 1 0 1 0 0 1],RHC,35,127
359,512,12.0,4.573239556,[1 0 1 1 0 1 0 1 0 1 1 0 1 0 0 1],RHC,35,127
360,1,9.0,4.576871283,[0 1 0 0 1 0 0 0 0 0 1 0 1 0 0 1],RHC,36,127
361,2,9.0,4.577760937,[0 1 0 0 1 0 0 0 0 0 1 0 1 0 0 1],RHC,36,127
362,4,11.0,4.5792996399999994,[0 1 0 0 1 0 0 0 1 0 1 0 1 0 0 1],RHC,36,127
363,8,13.0,4.582143554,[0 1 0 0 1 0 1 0 1 0 1 0 1 0 0 1],RHC,36,127
364,16,13.0,4.587215722,[0 1 0 0 1 0 1 0 1 0 1 0 1 0 0 1],RHC,36,127
365,32,13.0,4.597085444,[0 1 0 0 1 0 1 0 1 0 1 0 1 0 0 1],RHC,36,127
366,64,13.0,4.6170405489999995,[0 1 0 0 1 0 1 0 1 0 1 0 1 0 0 1],RHC,36,127
367,128,13.0,4.6566503809999995,[0 1 0 0 1 0 1 0 1 0 1 0 1 0 0 1],RHC,36,127
368,256,13.0,4.735424352,[0 1 0 0 1 0 1 0 1 0 1 0 1 0 0 1],RHC,36,127
369,512,13.0,4.903785082,[0 1 0 0 1 0 1 0 1 0 1 0 1 0 0 1],RHC,36,127
370,1,8.0,4.907172951,[0 0 1 1 1 0 1 0 1 1 1 0 0 1 0 0],RHC,37,127
371,2,8.0,4.907996896,[0 0 1 1 1 0 1 0 1 1 1 0 0 1 0 0],RHC,37,127
372,4,10.0,4.909418713,[0 0 1 0 1 0 1 0 1 1 1 0 0 1 0 0],RHC,37,127
373,8,11.0,4.9120657229999996,[1 0 1 0 1 0 1 0 1 1 1 0 0 1 0 0],RHC,37,127
374,16,12.0,4.917447382,[1 0 1 0 1 0 1 0 1 1 1 0 0 1 0 1],RHC,37,127
375,32,14.0,4.927794414,[1 0 1 0 1 0 1 0 1 0 1 0 0 1 0 1],RHC,37,127
376,64,14.0,4.949413196,[1 0 1 0 1 0 1 0 1 0 1 0 0 1 0 1],RHC,37,127
377,128,14.0,4.990606027,[1 0 1 0 1 0 1 0 1 0 1 0 0 1 0 1],RHC,37,127
378,256,14.0,5.071886925,[1 0 1 0 1 0 1 0 1 0 1 0 0 1 0 1],RHC,37,127
379,512,14.0,5.2550983129999995,[1 0 1 0 1 0 1 0 1 0 1 0 0 1 0 1],RHC,37,127
380,1,6.0,5.258751924,[1 0 0 1 0 1 1 1 1 1 1 0 0 0 0 1],RHC,38,127
381,2,8.0,5.259685471,[1 0 0 1 0 1 1 1 0 1 1 0 0 0 0 1],RHC,38,127
382,4,10.0,5.26127112,[1 0 0 1 0 1 1 1 0 1 1 0 0 1 0 1],RHC,38,127
383,8,10.0,5.264118719,[1 0 0 1 0 1 1 1 0 1 1 0 0 1 0 1],RHC,38,127
384,16,12.0,5.2698599559999995,[1 0 0 1 0 1 0 1 0 1 1 0 0 1 0 1],RHC,38,127
385,32,12.0,5.280670103,[1 0 0 1 0 1 0 1 0 1 1 0 0 1 0 1],RHC,38,127
386,64,12.0,5.3026883389999995,[1 0 0 1 0 1 0 1 0 1 1 0 0 1 0 1],RHC,38,127
387,128,12.0,5.346616781,[1 0 0 1 0 1 0 1 0 1 1 0 0 1 0 1],RHC,38,127
388,256,12.0,5.433831176,[1 0 0 1 0 1 0 1 0 1 1 0 0 1 0 1],RHC,38,127
389,512,12.0,5.6195784589999995,[1 0 0 1 0 1 0 1 0 1 1 0 0 1 0 1],RHC,38,127
390,1,8.0,5.623042952,[0 1 1 1 0 0 1 0 0 0 0 1 0 1 0 0],RHC,39,127
391,2,8.0,5.623941206,[0 1 1 1 0 0 1 0 0 0 0 1 0 1 0 0],RHC,39,127
392,4,10.0,5.625514852,[0 1 1 1 0 0 1 0 1 0 0 1 0 1 0 0],RHC,39,127
393,8,10.0,5.628565486,[0 1 1 1 0 0 1 0 1 0 0 1 0 1 0 0],RHC,39,127
394,16,10.0,5.634224992,[0 1 1 1 0 0 1 0 1 0 0 1 0 1 0 0],RHC,39,127
395,32,12.0,5.645313624,[0 1 0 1 0 0 1 0 1 0 0 1 0 1 0 0],RHC,39,127
396,64,13.0,5.6674911109999995,[0 1 0 1 0 0 1 0 1 0 0 1 0 1 0 1],RHC,39,127
397,128,13.0,5.712158903,[0 1 0 1 0 0 1 0 1 0 0 1 0 1 0 1],RHC,39,127
398,256,13.0,5.802824322,[0 1 0 1 0 0 1 0 1 0 0 1 0 1 0 1],RHC,39,127
399,512,13.0,5.995191319,[0 1 0 1 0 0 1 0 1 0 0 1 0 1 0 1],RHC,39,127
400,1,9.0,5.998808191,[0 1 0 1 1 1 1 0 1 0 1 1 1 1 0 1],RHC,40,127
401,2,9.0,5.999729271,[0 1 0 1 1 1 1 0 1 0 1 1 1 1 0 1],RHC,40,127
402,4,9.0,6.001329547,[0 1 0 1 1 1 1 0 1 0 1 1 1 1 0 1],RHC,40,127
403,8,9.0,6.00433904,[0 1 0 1 1 1 1 0 1 0 1 1 1 1 0 1],RHC,40,127
404,16,13.0,6.010420716,[0 1 0 1 0 1 1 0 1 0 1 1 0 1 0 1],RHC,40,127
405,32,13.0,6.022416864,[0 1 0 1 0 1 1 0 1 0 1 1 0 1 0 1],RHC,40,127
406,64,13.0,6.045589278,[0 1 0 1 0 1 1 0 1 0 1 1 0 1 0 1],RHC,40,127
407,128,13.0,6.091656929,[0 1 0 1 0 1 1 0 1 0 1 1 0 1 0 1],RHC,40,127
408,256,13.0,6.184132137,[0 1 0 1 0 1 1 0 1 0 1 1 0 1 0 1],RHC,40,127
409,512,13.0,6.385653262,[0 1 0 1 0 1 1 0 1 0 1 1 0 1 0 1],RHC,40,127
410,1,7.0,6.389376817,[1 0 0 0 1 1 1 1 0 1 0 0 0 0 1 0],RHC,41,127
411,2,9.0,6.3903323499999996,[1 0 0 0 1 1 1 1 0 1 0 1 0 0 1 0],RHC,41,127
412,4,9.0,6.391973294,[1 0 0 0 1 1 1 1 0 1 0 1 0 0 1 0],RHC,41,127
413,8,9.0,6.395069254,[1 0 0 0 1 1 1 1 0 1 0 1 0 0 1 0],RHC,41,127
414,16,11.0,6.401336179,[1 0 0 0 1 1 0 1 0 1 0 1 0 0 1 0],RHC,41,127
415,32,13.0,6.413381976,[1 0 1 0 1 1 0 1 0 1 0 1 0 0 1 0],RHC,41,127
416,64,13.0,6.437825956,[1 0 1 0 1 1 0 1 0 1 0 1 0 0 1 0],RHC,41,127
417,128,13.0,6.487488713,[1 0 1 0 1 1 0 1 0 1 0 1 0 0 1 0],RHC,41,127
418,256,13.0,6.583717267,[1 0 1 0 1 1 0 1 0 1 0 1 0 0 1 0],RHC,41,127
419,512,13.0,6.7902480149999995,[1 0 1 0 1 1 0 1 0 1 0 1 0 0 1 0],RHC,41,127
420,1,9.0,6.794113572,[0 0 1 0 1 1 0 1 1 0 1 0 0 0 0 1],RHC,42,127
421,2,9.0,6.795115591,[0 0 1 0 1 1 0 1 1 0 1 0 0 0 0 1],RHC,42,127
422,4,11.0,6.796894634,[0 0 1 0 1 1 0 1 1 0 1 0 1 0 0 1],RHC,42,127
423,8,12.0,6.800206062,[1 0 1 0 1 1 0 1 1 0 1 0 1 0 0 1],RHC,42,127
424,16,12.0,6.8066032299999994,[1 0 1 0 1 1 0 1 1 0 1 0 1 0 0 1],RHC,42,127
425,32,12.0,6.819192232,[1 0 1 0 1 1 0 1 1 0 1 0 1 0 0 1],RHC,42,127
426,64,12.0,6.84480112,[1 0 1 0 1 1 0 1 1 0 1 0 1 0 0 1],RHC,42,127
427,128,12.0,6.894929759,[1 0 1 0 1 1 0 1 1 0 1 0 1 0 0 1],RHC,42,127
428,256,12.0,6.998558839,[1 0 1 0 1 1 0 1 1 0 1 0 1 0 0 1],RHC,42,127
429,512,12.0,7.214149664,[1 0 1 0 1 1 0 1 1 0 1 0 1 0 0 1],RHC,42,127
430,1,6.0,7.218513184,[1 0 0 1 1 1 0 1 1 1 1 1 1 0 1 1],RHC,43,127
431,2,8.0,7.219598606999999,[1 0 0 1 1 1 0 1 1 1 0 1 1 0 1 1],RHC,43,127
432,4,8.0,7.221482267,[1 0 0 1 1 1 0 1 1 1 0 1 1 0 1 1],RHC,43,127
433,8,10.0,7.22500701,[1 0 0 1 0 1 0 1 1 1 0 1 1 0 1 1],RHC,43,127
434,16,10.0,7.231585377999999,[1 0 0 1 0 1 0 1 1 1 0 1 1 0 1 1],RHC,43,127
435,32,12.0,7.24495567,[1 0 0 1 0 1 0 1 0 1 0 1 1 0 1 1],RHC,43,127
436,64,13.0,7.27178105,[1 0 0 1 0 1 0 1 0 1 0 1 1 0 1 0],RHC,43,127
437,128,13.0,7.323434829999999,[1 0 0 1 0 1 0 1 0 1 0 1 1 0 1 0],RHC,43,127
438,256,13.0,7.427962024,[1 0 0 1 0 1 0 1 0 1 0 1 1 0 1 0],RHC,43,127
439,512,13.0,7.648763815,[1 0 0 1 0 1 0 1 0 1 0 1 1 0 1 0],RHC,43,127
440,1,10.0,7.652991178,[0 0 1 0 1 1 0 0 1 0 1 1 0 1 1 0],RHC,44,127
441,2,10.0,7.654034095999999,[0 0 1 0 1 1 0 0 1 0 1 1 0 1 1 0],RHC,44,127
442,4,10.0,7.655878496000001,[0 0 1 0 1 1 0 0 1 0 1 1 0 1 1 0],RHC,44,127
443,8,10.0,7.659377007000001,[0 0 1 0 1 1 0 0 1 0 1 1 0 1 1 0],RHC,44,127
444,16,10.0,7.666309195999999,[0 0 1 0 1 1 0 0 1 0 1 1 0 1 1 0],RHC,44,127
445,32,10.0,7.680227048,[0 0 1 0 1 1 0 0 1 0 1 1 0 1 1 0],RHC,44,127
446,64,11.0,7.707699970999999,[1 0 1 0 1 1 0 0 1 0 1 1 0 1 1 0],RHC,44,127
447,128,11.0,7.7613725239999996,[1 0 1 0 1 1 0 0 1 0 1 1 0 1 1 0],RHC,44,127
448,256,11.0,7.8694981969999995,[1 0 1 0 1 1 0 0 1 0 1 1 0 1 1 0],RHC,44,127
449,512,11.0,8.095647542,[1 0 1 0 1 1 0 0 1 0 1 1 0 1 1 0],RHC,44,127
450,1,7.0,8.099809035000002,[1 0 0 1 0 1 1 1 1 0 0 0 1 0 0 0],RHC,45,127
451,2,7.0,8.100858772,[1 0 0 1 0 1 1 1 1 0 0 0 1 0 0 0],RHC,45,127
452,4,7.0,8.102740593,[1 0 0 1 0 1 1 1 1 0 0 0 1 0 0 0],RHC,45,127
453,8,10.0,8.106372874000002,[1 0 0 1 0 1 1 1 1 0 1 0 1 0 0 1],RHC,45,127
454,16,10.0,8.113411936,[1 0 0 1 0 1 1 1 1 0 1 0 1 0 0 1],RHC,45,127
455,32,12.0,8.127360674,[1 0 0 1 0 1 1 0 1 0 1 0 1 0 0 1],RHC,45,127
456,64,12.0,8.155761438,[1 0 0 1 0 1 1 0 1 0 1 0 1 0 0 1],RHC,45,127
457,128,12.0,8.210301954,[1 0 0 1 0 1 1 0 1 0 1 0 1 0 0 1],RHC,45,127
458,256,12.0,8.320656015,[1 0 0 1 0 1 1 0 1 0 1 0 1 0 0 1],RHC,45,127
459,512,12.0,8.555128082000001,[1 0 0 1 0 1 1 0 1 0 1 0 1 0 0 1],RHC,45,127
460,1,6.0,8.559418375,[0 0 1 0 1 1 1 1 1 1 0 0 1 1 0 0],RHC,46,127
461,2,7.0,8.560517156000001,[0 0 1 0 1 1 1 1 1 1 0 0 1 1 0 1],RHC,46,127
462,4,8.0,8.562464453,[1 0 1 0 1 1 1 1 1 1 0 0 1 1 0 1],RHC,46,127
463,8,10.0,8.566162686,[1 0 1 0 1 1 0 1 1 1 0 0 1 1 0 1],RHC,46,127
464,16,12.0,8.573424471000001,[1 0 1 0 1 1 0 1 0 1 0 0 1 1 0 1],RHC,46,127
465,32,12.0,8.587978402000001,[1 0 1 0 1 1 0 1 0 1 0 0 1 1 0 1],RHC,46,127
466,64,12.0,8.616450767,[1 0 1 0 1 1 0 1 0 1 0 0 1 1 0 1],RHC,46,127
467,128,12.0,8.673134159,[1 0 1 0 1 1 0 1 0 1 0 0 1 1 0 1],RHC,46,127
468,256,12.0,8.787425205,[1 0 1 0 1 1 0 1 0 1 0 0 1 1 0 1],RHC,46,127
469,512,12.0,9.022691274000001,[1 0 1 0 1 1 0 1 0 1 0 0 1 1 0 1],RHC,46,127
470,1,9.0,9.027220274000001,[0 0 1 1 0 0 0 1 1 1 0 1 0 1 0 1],RHC,47,127
471,2,11.0,9.028336515000001,[0 0 1 1 0 0 0 1 0 1 0 1 0 1 0 1],RHC,47,127
472,4,13.0,9.030309483,[0 0 1 1 0 1 0 1 0 1 0 1 0 1 0 1],RHC,47,127
473,8,13.0,9.034055850000001,[0 0 1 1 0 1 0 1 0 1 0 1 0 1 0 1],RHC,47,127
474,16,13.0,9.041462819000001,[0 0 1 1 0 1 0 1 0 1 0 1 0 1 0 1],RHC,47,127
475,32,14.0,9.056379224,[1 0 1 1 0 1 0 1 0 1 0 1 0 1 0 1],RHC,47,127
476,64,14.0,9.085332863000001,[1 0 1 1 0 1 0 1 0 1 0 1 0 1 0 1],RHC,47,127
477,128,14.0,9.143679635000002,[1 0 1 1 0 1 0 1 0 1 0 1 0 1 0 1],RHC,47,127
478,256,14.0,9.261177726000001,[1 0 1 1 0 1 0 1 0 1 0 1 0 1 0 1],RHC,47,127
479,512,14.0,9.504470676,[1 0 1 1 0 1 0 1 0 1 0 1 0 1 0 1],RHC,47,127
480,1,8.0,9.509062459,[1 1 1 0 0 0 1 0 1 0 1 0 1 1 1 1],RHC,48,127
481,2,9.0,9.510209688000002,[1 1 1 0 0 0 1 0 1 0 1 0 1 1 1 0],RHC,48,127
482,4,9.0,9.512219737,[1 1 1 0 0 0 1 0 1 0 1 0 1 1 1 0],RHC,48,127
483,8,11.0,9.516113287000001,[1 1 1 0 0 0 1 0 1 0 1 0 1 0 1 0],RHC,48,127
484,16,13.0,9.523656584000001,[1 0 1 0 0 0 1 0 1 0 1 0 1 0 1 0],RHC,48,127
485,32,15.0,9.53368895,[1 0 1 0 1 0 1 0 1 0 1 0 1 0 1 0],RHC,48,127
486,64,15.0,9.53368895,[1 0 1 0 1 0 1 0 1 0 1 0 1 0 1 0],RHC,48,127
487,128,15.0,9.53368895,[1 0 1 0 1 0 1 0 1 0 1 0 1 0 1 0],RHC,48,127
488,256,15.0,9.53368895,[1 0 1 0 1 0 1 0 1 0 1 0 1 0 1 0],RHC,48,127
489,512,15.0,9.53368895,[1 0 1 0 1 0 1 0 1 0 1 0 1 0 1 0],RHC,48,127
