,Iteration,Time,Fitness,runner_name,current_restart,Restarts
0,0,0.04427350999958435,397.6856192948769,RHC,0,15
1,1,0.04427350999958435,397.6856192948769,RHC,0,15
2,2,0.04427350999958435,397.6856192948769,RHC,0,15
3,3,0.04427350999958435,397.6856192948769,RHC,0,15
4,4,0.04427350999958435,370.2877281680156,RHC,0,15
5,5,0.04427350999958435,346.0280401967389,RHC,0,15
6,6,0.04427350999958435,346.0280401967389,RHC,0,15
7,7,0.04427350999958435,340.63745261888005,RHC,0,15
8,8,0.04427350999958435,340.63745261888005,RHC,0,15
9,9,0.04427350999958435,326.7055805125644,RHC,0,15
10,10,0.04427350999958435,326.7055805125644,RHC,0,15
11,11,0.04427350999958435,291.3935862026629,RHC,0,15
12,12,0.04427350999958435,291.3935862026629,RHC,0,15
13,13,0.04427350999958435,291.3935862026629,RHC,0,15
14,14,0.04427350999958435,291.3935862026629,RHC,0,15
15,15,0.04427350999958435,291.3935862026629,RHC,0,15
16,16,0.04427350999958435,291.3935862026629,RHC,0,15
17,17,0.04427350999958435,291.3935862026629,RHC,0,15
18,18,0.04427350999958435,291.3935862026629,RHC,0,15
19,19,0.04427350999958435,291.3935862026629,RHC,0,15
20,20,0.04427350999958435,291.3935862026629,RHC,0,15
21,21,0.04427350999958435,291.3935862026629,RHC,0,15
22,22,0.04427350999958435,291.3935862026629,RHC,0,15
23,23,0.04427350999958435,291.3935862026629,RHC,0,15
24,24,0.04427350999958435,291.3935862026629,RHC,0,15
25,25,0.04427350999958435,291.3935862026629,RHC,0,15
26,26,0.04427350999958435,264.33326691022916,RHC,0,15
27,27,0.04427350999958435,264.33326691022916,RHC,0,15
28,28,0.04427350999958435,264.33326691022916,RHC,0,15
29,29,0.04427350999958435,264.33326691022916,RHC,0,15
30,30,0.04427350999958435,264.33326691022916,RHC,0,15
31,31,0.04427350999958435,264.33326691022916,RHC,0,15
32,32,0.04427350999958435,264.33326691022916,RHC,0,15
33,33,0.04427350999958435,264.33326691022916,RHC,0,15
34,34,0.04427350999958435,264.33326691022916,RHC,0,15
35,35,0.04427350999958435,264.33326691022916,RHC,0,15
36,36,0.04427350999958435,264.33326691022916,RHC,0,15
37,37,0.04427350999958435,264.33326691022916,RHC,0,15
38,38,0.04427350999958435,264.33326691022916,RHC,0,15
39,39,0.04427350999958435,264.33326691022916,RHC,0,15
40,40,0.04427350999958435,264.33326691022916,RHC,0,15
41,41,0.04427350999958435,264.33326691022916,RHC,0,15
42,42,0.04427350999958435,264.33326691022916,RHC,0,15
43,43,0.04427350999958435,264.33326691022916,RHC,0,15
44,44,0.04427350999958435,264.33326691022916,RHC,0,15
45,45,0.04427350999958435,264.33326691022916,RHC,0,15
46,46,0.04427350999958435,264.33326691022916,RHC,0,15
47,47,0.04427350999958435,264.33326691022916,RHC,0,15
48,48,0.04427350999958435,264.33326691022916,RHC,0,15
49,49,0.04427350999958435,264.33326691022916,RHC,0,15
50,50,0.04427350999958435,264.33326691022916,RHC,0,15
51,51,0.04427350999958435,264.33326691022916,RHC,0,15
52,52,0.04427350999958435,264.33326691022916,RHC,0,15
53,53,0.04427350999958435,264.33326691022916,RHC,0,15
54,54,0.04427350999958435,264.33326691022916,RHC,0,15
55,55,0.04427350999958435,264.33326691022916,RHC,0,15
56,56,0.04427350999958435,264.33326691022916,RHC,0,15
57,57,0.04427350999958435,264.33326691022916,RHC,0,15
58,58,0.04427350999958435,264.33326691022916,RHC,0,15
59,59,0.04427350999958435,264.33326691022916,RHC,0,15
60,60,0.04427350999958435,264.33326691022916,RHC,0,15
61,61,0.04427350999958435,264.33326691022916,RHC,0,15
62,62,0.04427350999958435,264.33326691022916,RHC,0,15
63,63,0.04427350999958435,264.33326691022916,RHC,0,15
64,64,0.04427350999958435,264.33326691022916,RHC,0,15
65,0,0.05750940600000831,358.7379585830176,RHC,1,15
66,1,0.05750940600000831,358.7379585830176,RHC,1,15
67,2,0.05750940600000831,358.7379585830176,RHC,1,15
68,3,0.05750940600000831,358.7379585830176,RHC,1,15
69,4,0.05750940600000831,358.7379585830176,RHC,1,15
70,5,0.05750940600000831,347.51878330663425,RHC,1,15
71,6,0.05750940600000831,340.90880371342223,RHC,1,15
72,7,0.05750940600000831,340.90880371342223,RHC,1,15
73,8,0.05750940600000831,340.90880371342223,RHC,1,15
74,9,0.05750940600000831,340.90880371342223,RHC,1,15
75,10,0.05750940600000831,330.0508818808702,RHC,1,15
76,11,0.05750940600000831,330.0508818808702,RHC,1,15
77,12,0.05750940600000831,330.0508818808702,RHC,1,15
78,13,0.05750940600000831,329.33755565651427,RHC,1,15
79,14,0.05750940600000831,319.9137602301535,RHC,1,15
80,15,0.05750940600000831,319.9137602301535,RHC,1,15
81,16,0.05750940600000831,319.9137602301535,RHC,1,15
82,17,0.05750940600000831,313.69494146812985,RHC,1,15
83,18,0.05750940600000831,311.9801762478815,RHC,1,15
84,19,0.05750940600000831,311.9801762478815,RHC,1,15
85,20,0.05750940600000831,311.9801762478815,RHC,1,15
86,21,0.05750940600000831,311.9801762478815,RHC,1,15
87,22,0.05750940600000831,311.9801762478815,RHC,1,15
88,23,0.05750940600000831,311.9801762478815,RHC,1,15
89,24,0.05750940600000831,293.0256841973131,RHC,1,15
90,25,0.05750940600000831,293.0256841973131,RHC,1,15
91,26,0.05750940600000831,293.0256841973131,RHC,1,15
92,27,0.05750940600000831,293.0256841973131,RHC,1,15
93,28,0.05750940600000831,293.0256841973131,RHC,1,15
94,29,0.05750940600000831,293.0256841973131,RHC,1,15
95,30,0.05750940600000831,293.0256841973131,RHC,1,15
96,31,0.05750940600000831,249.92985253238416,RHC,1,15
97,32,0.05750940600000831,249.92985253238416,RHC,1,15
98,33,0.05750940600000831,249.92985253238416,RHC,1,15
99,34,0.05750940600000831,249.92985253238416,RHC,1,15
100,35,0.05750940600000831,249.92985253238416,RHC,1,15
101,36,0.05750940600000831,249.92985253238416,RHC,1,15
102,37,0.05750940600000831,249.92985253238416,RHC,1,15
103,38,0.05750940600000831,249.92985253238416,RHC,1,15
104,39,0.05750940600000831,239.22547365269074,RHC,1,15
105,40,0.05750940600000831,239.22547365269074,RHC,1,15
106,41,0.05750940600000831,239.22547365269074,RHC,1,15
107,42,0.05750940600000831,239.22547365269074,RHC,1,15
108,43,0.05750940600000831,239.22547365269074,RHC,1,15
109,44,0.05750940600000831,239.22547365269074,RHC,1,15
110,45,0.05750940600000831,239.22547365269074,RHC,1,15
111,46,0.05750940600000831,239.22547365269074,RHC,1,15
112,47,0.05750940600000831,239.22547365269074,RHC,1,15
113,48,0.05750940600000831,239.22547365269074,RHC,1,15
114,49,0.05750940600000831,239.22547365269074,RHC,1,15
115,50,0.05750940600000831,239.22547365269074,RHC,1,15
116,51,0.05750940600000831,239.22547365269074,RHC,1,15
117,52,0.05750940600000831,239.22547365269074,RHC,1,15
118,53,0.05750940600000831,239.22547365269074,RHC,1,15
119,54,0.05750940600000831,239.22547365269074,RHC,1,15
120,55,0.05750940600000831,239.22547365269074,RHC,1,15
121,56,0.05750940600000831,239.22547365269074,RHC,1,15
122,57,0.05750940600000831,239.22547365269074,RHC,1,15
123,58,0.05750940600000831,239.22547365269074,RHC,1,15
124,59,0.05750940600000831,239.22547365269074,RHC,1,15
125,60,0.05750940600000831,239.22547365269074,RHC,1,15
126,61,0.05750940600000831,239.22547365269074,RHC,1,15
127,62,0.05750940600000831,239.22547365269074,RHC,1,15
128,63,0.05750940600000831,239.22547365269074,RHC,1,15
129,64,0.05750940600000831,239.22547365269074,RHC,1,15
130,0,0.07127739499992458,364.3363380214152,RHC,2,15
131,1,0.07127739499992458,364.3363380214152,RHC,2,15
132,2,0.07127739499992458,364.3363380214152,RHC,2,15
133,3,0.07127739499992458,362.62157280116674,RHC,2,15
134,4,0.07127739499992458,362.62157280116674,RHC,2,15
135,5,0.07127739499992458,362.62157280116674,RHC,2,15
136,6,0.07127739499992458,362.62157280116674,RHC,2,15
137,7,0.07127739499992458,362.62157280116674,RHC,2,15
138,8,0.07127739499992458,362.62157280116674,RHC,2,15
139,9,0.07127739499992458,362.62157280116674,RHC,2,15
140,10,0.07127739499992458,362.62157280116674,RHC,2,15
141,11,0.07127739499992458,331.4453385765917,RHC,2,15
142,12,0.07127739499992458,331.4453385765917,RHC,2,15
143,13,0.07127739499992458,325.194443309808,RHC,2,15
144,14,0.07127739499992458,308.83850289706777,RHC,2,15
145,15,0.07127739499992458,308.83850289706777,RHC,2,15
146,16,0.07127739499992458,308.83850289706777,RHC,2,15
147,17,0.07127739499992458,308.83850289706777,RHC,2,15
148,18,0.07127739499992458,293.0256841973131,RHC,2,15
149,19,0.07127739499992458,249.9298525323842,RHC,2,15
150,20,0.07127739499992458,249.9298525323842,RHC,2,15
151,21,0.07127739499992458,249.9298525323842,RHC,2,15
152,22,0.07127739499992458,249.9298525323842,RHC,2,15
153,23,0.07127739499992458,249.9298525323842,RHC,2,15
154,24,0.07127739499992458,249.9298525323842,RHC,2,15
155,25,0.07127739499992458,249.9298525323842,RHC,2,15
156,26,0.07127739499992458,249.9298525323842,RHC,2,15
157,27,0.07127739499992458,249.9298525323842,RHC,2,15
158,28,0.07127739499992458,249.9298525323842,RHC,2,15
159,29,0.07127739499992458,239.22547365269074,RHC,2,15
160,30,0.07127739499992458,239.22547365269074,RHC,2,15
161,31,0.07127739499992458,239.22547365269074,RHC,2,15
162,32,0.07127739499992458,239.22547365269074,RHC,2,15
163,33,0.07127739499992458,239.22547365269074,RHC,2,15
164,34,0.07127739499992458,239.22547365269074,RHC,2,15
165,35,0.07127739499992458,239.22547365269074,RHC,2,15
166,36,0.07127739499992458,239.22547365269074,RHC,2,15
167,37,0.07127739499992458,239.22547365269074,RHC,2,15
168,38,0.07127739499992458,239.22547365269074,RHC,2,15
169,39,0.07127739499992458,239.22547365269074,RHC,2,15
170,40,0.07127739499992458,239.22547365269074,RHC,2,15
171,41,0.07127739499992458,239.22547365269074,RHC,2,15
172,42,0.07127739499992458,239.22547365269074,RHC,2,15
173,43,0.07127739499992458,239.22547365269074,RHC,2,15
174,44,0.07127739499992458,239.22547365269074,RHC,2,15
175,45,0.07127739499992458,239.22547365269074,RHC,2,15
176,46,0.07127739499992458,239.22547365269074,RHC,2,15
177,47,0.07127739499992458,239.22547365269074,RHC,2,15
178,48,0.07127739499992458,239.22547365269074,RHC,2,15
179,49,0.07127739499992458,239.22547365269074,RHC,2,15
180,50,0.07127739499992458,239.22547365269074,RHC,2,15
181,51,0.07127739499992458,239.22547365269074,RHC,2,15
182,52,0.07127739499992458,239.22547365269074,RHC,2,15
183,53,0.07127739499992458,239.22547365269074,RHC,2,15
184,54,0.07127739499992458,239.22547365269074,RHC,2,15
185,55,0.07127739499992458,239.22547365269074,RHC,2,15
186,56,0.07127739499992458,239.22547365269074,RHC,2,15
187,57,0.07127739499992458,239.22547365269074,RHC,2,15
188,58,0.07127739499992458,239.22547365269074,RHC,2,15
189,59,0.07127739499992458,239.22547365269074,RHC,2,15
190,60,0.07127739499992458,239.22547365269074,RHC,2,15
191,61,0.07127739499992458,239.22547365269074,RHC,2,15
192,62,0.07127739499992458,239.22547365269074,RHC,2,15
193,63,0.07127739499992458,239.22547365269074,RHC,2,15
194,64,0.07127739499992458,239.22547365269074,RHC,2,15
195,0,0.0846062659998097,392.82144964992733,RHC,3,15
196,1,0.0846062659998097,364.3363380214152,RHC,3,15
197,2,0.0846062659998097,364.3363380214152,RHC,3,15
198,3,0.0846062659998097,362.62157280116674,RHC,3,15
199,4,0.0846062659998097,362.62157280116674,RHC,3,15
200,5,0.0846062659998097,362.62157280116674,RHC,3,15
201,6,0.0846062659998097,362.62157280116674,RHC,3,15
202,7,0.0846062659998097,362.62157280116674,RHC,3,15
203,8,0.0846062659998097,362.62157280116674,RHC,3,15
204,9,0.0846062659998097,362.62157280116674,RHC,3,15
205,10,0.0846062659998097,362.62157280116674,RHC,3,15
206,11,0.0846062659998097,331.4453385765917,RHC,3,15
207,12,0.0846062659998097,331.4453385765917,RHC,3,15
208,13,0.0846062659998097,325.194443309808,RHC,3,15
209,14,0.0846062659998097,308.83850289706777,RHC,3,15
210,15,0.0846062659998097,308.83850289706777,RHC,3,15
211,16,0.0846062659998097,308.83850289706777,RHC,3,15
212,17,0.0846062659998097,308.83850289706777,RHC,3,15
213,18,0.0846062659998097,293.0256841973131,RHC,3,15
214,19,0.0846062659998097,249.9298525323842,RHC,3,15
215,20,0.0846062659998097,249.9298525323842,RHC,3,15
216,21,0.0846062659998097,249.9298525323842,RHC,3,15
217,22,0.0846062659998097,249.9298525323842,RHC,3,15
218,23,0.0846062659998097,249.9298525323842,RHC,3,15
219,24,0.0846062659998097,249.9298525323842,RHC,3,15
220,25,0.0846062659998097,249.9298525323842,RHC,3,15
221,26,0.0846062659998097,249.9298525323842,RHC,3,15
222,27,0.0846062659998097,249.9298525323842,RHC,3,15
223,28,0.0846062659998097,249.9298525323842,RHC,3,15
224,29,0.0846062659998097,239.22547365269074,RHC,3,15
225,30,0.0846062659998097,239.22547365269074,RHC,3,15
226,31,0.0846062659998097,239.22547365269074,RHC,3,15
227,32,0.0846062659998097,239.22547365269074,RHC,3,15
228,33,0.0846062659998097,239.22547365269074,RHC,3,15
229,34,0.0846062659998097,239.22547365269074,RHC,3,15
230,35,0.0846062659998097,239.22547365269074,RHC,3,15
231,36,0.0846062659998097,239.22547365269074,RHC,3,15
232,37,0.0846062659998097,239.22547365269074,RHC,3,15
233,38,0.0846062659998097,239.22547365269074,RHC,3,15
234,39,0.0846062659998097,239.22547365269074,RHC,3,15
235,40,0.0846062659998097,239.22547365269074,RHC,3,15
236,41,0.0846062659998097,239.22547365269074,RHC,3,15
237,42,0.0846062659998097,239.22547365269074,RHC,3,15
238,43,0.0846062659998097,239.22547365269074,RHC,3,15
239,44,0.0846062659998097,239.22547365269074,RHC,3,15
240,45,0.0846062659998097,239.22547365269074,RHC,3,15
241,46,0.0846062659998097,239.22547365269074,RHC,3,15
242,47,0.0846062659998097,239.22547365269074,RHC,3,15
243,48,0.0846062659998097,239.22547365269074,RHC,3,15
244,49,0.0846062659998097,239.22547365269074,RHC,3,15
245,50,0.0846062659998097,239.22547365269074,RHC,3,15
246,51,0.0846062659998097,239.22547365269074,RHC,3,15
247,52,0.0846062659998097,239.22547365269074,RHC,3,15
248,53,0.0846062659998097,239.22547365269074,RHC,3,15
249,54,0.0846062659998097,239.22547365269074,RHC,3,15
250,55,0.0846062659998097,239.22547365269074,RHC,3,15
251,56,0.0846062659998097,239.22547365269074,RHC,3,15
252,57,0.0846062659998097,239.22547365269074,RHC,3,15
253,58,0.0846062659998097,239.22547365269074,RHC,3,15
254,59,0.0846062659998097,239.22547365269074,RHC,3,15
255,60,0.0846062659998097,239.22547365269074,RHC,3,15
256,61,0.0846062659998097,239.22547365269074,RHC,3,15
257,62,0.0846062659998097,239.22547365269074,RHC,3,15
258,63,0.0846062659998097,239.22547365269074,RHC,3,15
259,64,0.0846062659998097,239.22547365269074,RHC,3,15
260,0,0.09830017599961138,410.8438228446371,RHC,4,15
261,1,0.09830017599961138,364.3363380214152,RHC,4,15
262,2,0.09830017599961138,364.3363380214152,RHC,4,15
263,3,0.09830017599961138,362.62157280116674,RHC,4,15
264,4,0.09830017599961138,362.62157280116674,RHC,4,15
265,5,0.09830017599961138,362.62157280116674,RHC,4,15
266,6,0.09830017599961138,362.62157280116674,RHC,4,15
267,7,0.09830017599961138,362.62157280116674,RHC,4,15
268,8,0.09830017599961138,362.62157280116674,RHC,4,15
269,9,0.09830017599961138,362.62157280116674,RHC,4,15
270,10,0.09830017599961138,362.62157280116674,RHC,4,15
271,11,0.09830017599961138,331.4453385765917,RHC,4,15
272,12,0.09830017599961138,331.4453385765917,RHC,4,15
273,13,0.09830017599961138,325.194443309808,RHC,4,15
274,14,0.09830017599961138,308.83850289706777,RHC,4,15
275,15,0.09830017599961138,308.83850289706777,RHC,4,15
276,16,0.09830017599961138,308.83850289706777,RHC,4,15
277,17,0.09830017599961138,308.83850289706777,RHC,4,15
278,18,0.09830017599961138,293.0256841973131,RHC,4,15
279,19,0.09830017599961138,249.9298525323842,RHC,4,15
280,20,0.09830017599961138,249.9298525323842,RHC,4,15
281,21,0.09830017599961138,249.9298525323842,RHC,4,15
282,22,0.09830017599961138,249.9298525323842,RHC,4,15
283,23,0.09830017599961138,249.9298525323842,RHC,4,15
284,24,0.09830017599961138,249.9298525323842,RHC,4,15
285,25,0.09830017599961138,249.9298525323842,RHC,4,15
286,26,0.09830017599961138,249.9298525323842,RHC,4,15
287,27,0.09830017599961138,249.9298525323842,RHC,4,15
288,28,0.09830017599961138,249.9298525323842,RHC,4,15
289,29,0.09830017599961138,239.22547365269074,RHC,4,15
290,30,0.09830017599961138,239.22547365269074,RHC,4,15
291,31,0.09830017599961138,239.22547365269074,RHC,4,15
292,32,0.09830017599961138,239.22547365269074,RHC,4,15
293,33,0.09830017599961138,239.22547365269074,RHC,4,15
294,34,0.09830017599961138,239.22547365269074,RHC,4,15
295,35,0.09830017599961138,239.22547365269074,RHC,4,15
296,36,0.09830017599961138,239.22547365269074,RHC,4,15
297,37,0.09830017599961138,239.22547365269074,RHC,4,15
298,38,0.09830017599961138,239.22547365269074,RHC,4,15
299,39,0.09830017599961138,239.22547365269074,RHC,4,15
300,40,0.09830017599961138,239.22547365269074,RHC,4,15
301,41,0.09830017599961138,239.22547365269074,RHC,4,15
302,42,0.09830017599961138,239.22547365269074,RHC,4,15
303,43,0.09830017599961138,239.22547365269074,RHC,4,15
304,44,0.09830017599961138,239.22547365269074,RHC,4,15
305,45,0.09830017599961138,239.22547365269074,RHC,4,15
306,46,0.09830017599961138,239.22547365269074,RHC,4,15
307,47,0.09830017599961138,239.22547365269074,RHC,4,15
308,48,0.09830017599961138,239.22547365269074,RHC,4,15
309,49,0.09830017599961138,239.22547365269074,RHC,4,15
310,50,0.09830017599961138,239.22547365269074,RHC,4,15
311,51,0.09830017599961138,239.22547365269074,RHC,4,15
312,52,0.09830017599961138,239.22547365269074,RHC,4,15
313,53,0.09830017599961138,239.22547365269074,RHC,4,15
314,54,0.09830017599961138,239.22547365269074,RHC,4,15
315,55,0.09830017599961138,239.22547365269074,RHC,4,15
316,56,0.09830017599961138,239.22547365269074,RHC,4,15
317,57,0.09830017599961138,239.22547365269074,RHC,4,15
318,58,0.09830017599961138,239.22547365269074,RHC,4,15
319,59,0.09830017599961138,239.22547365269074,RHC,4,15
320,60,0.09830017599961138,239.22547365269074,RHC,4,15
321,61,0.09830017599961138,239.22547365269074,RHC,4,15
322,62,0.09830017599961138,239.22547365269074,RHC,4,15
323,63,0.09830017599961138,239.22547365269074,RHC,4,15
324,64,0.09830017599961138,239.22547365269074,RHC,4,15
325,0,0.11228560199970161,371.8399341268464,RHC,5,15
326,1,0.11228560199970161,371.8399341268464,RHC,5,15
327,2,0.11228560199970161,371.8399341268464,RHC,5,15
328,3,0.11228560199970161,371.8399341268464,RHC,5,15
329,4,0.11228560199970161,342.24598401437464,RHC,5,15
330,5,0.11228560199970161,337.5557030444724,RHC,5,15
331,6,0.11228560199970161,337.5557030444724,RHC,5,15
332,7,0.11228560199970161,337.5557030444724,RHC,5,15
333,8,0.11228560199970161,337.5557030444724,RHC,5,15
334,9,0.11228560199970161,337.5557030444724,RHC,5,15
335,10,0.11228560199970161,337.5557030444724,RHC,5,15
336,11,0.11228560199970161,337.5557030444724,RHC,5,15
337,12,0.11228560199970161,337.5557030444724,RHC,5,15
338,13,0.11228560199970161,337.5557030444724,RHC,5,15
339,14,0.11228560199970161,337.5557030444724,RHC,5,15
340,15,0.11228560199970161,337.5557030444724,RHC,5,15
341,16,0.11228560199970161,337.5557030444724,RHC,5,15
342,17,0.11228560199970161,280.8436845093757,RHC,5,15
343,18,0.11228560199970161,280.8436845093757,RHC,5,15
344,19,0.11228560199970161,280.8436845093757,RHC,5,15
345,20,0.11228560199970161,280.8436845093757,RHC,5,15
346,21,0.11228560199970161,280.8436845093757,RHC,5,15
347,22,0.11228560199970161,280.8436845093757,RHC,5,15
348,23,0.11228560199970161,280.8436845093757,RHC,5,15
349,24,0.11228560199970161,280.8436845093757,RHC,5,15
350,25,0.11228560199970161,278.74433480582076,RHC,5,15
351,26,0.11228560199970161,278.74433480582076,RHC,5,15
352,27,0.11228560199970161,278.74433480582076,RHC,5,15
353,28,0.11228560199970161,278.74433480582076,RHC,5,15
354,29,0.11228560199970161,278.74433480582076,RHC,5,15
355,30,0.11228560199970161,278.74433480582076,RHC,5,15
356,31,0.11228560199970161,278.74433480582076,RHC,5,15
357,32,0.11228560199970161,278.74433480582076,RHC,5,15
358,33,0.11228560199970161,239.92731139856843,RHC,5,15
359,34,0.11228560199970161,239.92731139856843,RHC,5,15
360,35,0.11228560199970161,239.92731139856843,RHC,5,15
361,36,0.11228560199970161,239.92731139856843,RHC,5,15
362,37,0.11228560199970161,239.92731139856843,RHC,5,15
363,38,0.11228560199970161,239.92731139856843,RHC,5,15
364,39,0.11228560199970161,239.92731139856843,RHC,5,15
365,40,0.11228560199970161,239.2254736526907,RHC,5,15
366,41,0.11228560199970161,239.2254736526907,RHC,5,15
367,42,0.11228560199970161,239.2254736526907,RHC,5,15
368,43,0.11228560199970161,239.2254736526907,RHC,5,15
369,44,0.11228560199970161,239.2254736526907,RHC,5,15
370,45,0.11228560199970161,239.2254736526907,RHC,5,15
371,46,0.11228560199970161,239.2254736526907,RHC,5,15
372,47,0.11228560199970161,239.2254736526907,RHC,5,15
373,48,0.11228560199970161,239.2254736526907,RHC,5,15
374,49,0.11228560199970161,239.2254736526907,RHC,5,15
375,50,0.11228560199970161,239.2254736526907,RHC,5,15
376,51,0.11228560199970161,239.2254736526907,RHC,5,15
377,52,0.11228560199970161,239.2254736526907,RHC,5,15
378,53,0.11228560199970161,239.2254736526907,RHC,5,15
379,54,0.11228560199970161,239.2254736526907,RHC,5,15
380,55,0.11228560199970161,239.2254736526907,RHC,5,15
381,56,0.11228560199970161,239.2254736526907,RHC,5,15
382,57,0.11228560199970161,239.2254736526907,RHC,5,15
383,58,0.11228560199970161,239.2254736526907,RHC,5,15
384,59,0.11228560199970161,239.2254736526907,RHC,5,15
385,60,0.11228560199970161,239.2254736526907,RHC,5,15
386,61,0.11228560199970161,239.2254736526907,RHC,5,15
387,62,0.11228560199970161,239.2254736526907,RHC,5,15
388,63,0.11228560199970161,239.2254736526907,RHC,5,15
389,64,0.11228560199970161,239.2254736526907,RHC,5,15
390,0,0.12537419199998112,371.468026291687,RHC,6,15
391,1,0.12537419199998112,371.8399341268464,RHC,6,15
392,2,0.12537419199998112,371.8399341268464,RHC,6,15
393,3,0.12537419199998112,371.8399341268464,RHC,6,15
394,4,0.12537419199998112,342.24598401437464,RHC,6,15
395,5,0.12537419199998112,337.5557030444724,RHC,6,15
396,6,0.12537419199998112,337.5557030444724,RHC,6,15
397,7,0.12537419199998112,337.5557030444724,RHC,6,15
398,8,0.12537419199998112,337.5557030444724,RHC,6,15
399,9,0.12537419199998112,337.5557030444724,RHC,6,15
400,10,0.12537419199998112,337.5557030444724,RHC,6,15
401,11,0.12537419199998112,337.5557030444724,RHC,6,15
402,12,0.12537419199998112,337.5557030444724,RHC,6,15
403,13,0.12537419199998112,337.5557030444724,RHC,6,15
404,14,0.12537419199998112,337.5557030444724,RHC,6,15
405,15,0.12537419199998112,337.5557030444724,RHC,6,15
406,16,0.12537419199998112,337.5557030444724,RHC,6,15
407,17,0.12537419199998112,280.8436845093757,RHC,6,15
408,18,0.12537419199998112,280.8436845093757,RHC,6,15
409,19,0.12537419199998112,280.8436845093757,RHC,6,15
410,20,0.12537419199998112,280.8436845093757,RHC,6,15
411,21,0.12537419199998112,280.8436845093757,RHC,6,15
412,22,0.12537419199998112,280.8436845093757,RHC,6,15
413,23,0.12537419199998112,280.8436845093757,RHC,6,15
414,24,0.12537419199998112,280.8436845093757,RHC,6,15
415,25,0.12537419199998112,278.74433480582076,RHC,6,15
416,26,0.12537419199998112,278.74433480582076,RHC,6,15
417,27,0.12537419199998112,278.74433480582076,RHC,6,15
418,28,0.12537419199998112,278.74433480582076,RHC,6,15
419,29,0.12537419199998112,278.74433480582076,RHC,6,15
420,30,0.12537419199998112,278.74433480582076,RHC,6,15
421,31,0.12537419199998112,278.74433480582076,RHC,6,15
422,32,0.12537419199998112,278.74433480582076,RHC,6,15
423,33,0.12537419199998112,239.92731139856843,RHC,6,15
424,34,0.12537419199998112,239.92731139856843,RHC,6,15
425,35,0.12537419199998112,239.92731139856843,RHC,6,15
426,36,0.12537419199998112,239.92731139856843,RHC,6,15
427,37,0.12537419199998112,239.92731139856843,RHC,6,15
428,38,0.12537419199998112,239.92731139856843,RHC,6,15
429,39,0.12537419199998112,239.92731139856843,RHC,6,15
430,40,0.12537419199998112,239.2254736526907,RHC,6,15
431,41,0.12537419199998112,239.2254736526907,RHC,6,15
432,42,0.12537419199998112,239.2254736526907,RHC,6,15
433,43,0.12537419199998112,239.2254736526907,RHC,6,15
434,44,0.12537419199998112,239.2254736526907,RHC,6,15
435,45,0.12537419199998112,239.2254736526907,RHC,6,15
436,46,0.12537419199998112,239.2254736526907,RHC,6,15
437,47,0.12537419199998112,239.2254736526907,RHC,6,15
438,48,0.12537419199998112,239.2254736526907,RHC,6,15
439,49,0.12537419199998112,239.2254736526907,RHC,6,15
440,50,0.12537419199998112,239.2254736526907,RHC,6,15
441,51,0.12537419199998112,239.2254736526907,RHC,6,15
442,52,0.12537419199998112,239.2254736526907,RHC,6,15
443,53,0.12537419199998112,239.2254736526907,RHC,6,15
444,54,0.12537419199998112,239.2254736526907,RHC,6,15
445,55,0.12537419199998112,239.2254736526907,RHC,6,15
446,56,0.12537419199998112,239.2254736526907,RHC,6,15
447,57,0.12537419199998112,239.2254736526907,RHC,6,15
448,58,0.12537419199998112,239.2254736526907,RHC,6,15
449,59,0.12537419199998112,239.2254736526907,RHC,6,15
450,60,0.12537419199998112,239.2254736526907,RHC,6,15
451,61,0.12537419199998112,239.2254736526907,RHC,6,15
452,62,0.12537419199998112,239.2254736526907,RHC,6,15
453,63,0.12537419199998112,239.2254736526907,RHC,6,15
454,64,0.12537419199998112,239.2254736526907,RHC,6,15
455,0,0.13858820699988428,344.48721254461987,RHC,7,15
456,1,0.13858820699988428,371.8399341268464,RHC,7,15
457,2,0.13858820699988428,371.8399341268464,RHC,7,15
458,3,0.13858820699988428,371.8399341268464,RHC,7,15
459,4,0.13858820699988428,342.24598401437464,RHC,7,15
460,5,0.13858820699988428,337.5557030444724,RHC,7,15
461,6,0.13858820699988428,337.5557030444724,RHC,7,15
462,7,0.13858820699988428,337.5557030444724,RHC,7,15
463,8,0.13858820699988428,337.5557030444724,RHC,7,15
464,9,0.13858820699988428,337.5557030444724,RHC,7,15
465,10,0.13858820699988428,337.5557030444724,RHC,7,15
466,11,0.13858820699988428,337.5557030444724,RHC,7,15
467,12,0.13858820699988428,337.5557030444724,RHC,7,15
468,13,0.13858820699988428,337.5557030444724,RHC,7,15
469,14,0.13858820699988428,337.5557030444724,RHC,7,15
470,15,0.13858820699988428,337.5557030444724,RHC,7,15
471,16,0.13858820699988428,337.5557030444724,RHC,7,15
472,17,0.13858820699988428,280.8436845093757,RHC,7,15
473,18,0.13858820699988428,280.8436845093757,RHC,7,15
474,19,0.13858820699988428,280.8436845093757,RHC,7,15
475,20,0.13858820699988428,280.8436845093757,RHC,7,15
476,21,0.13858820699988428,280.8436845093757,RHC,7,15
477,22,0.13858820699988428,280.8436845093757,RHC,7,15
478,23,0.13858820699988428,280.8436845093757,RHC,7,15
479,24,0.13858820699988428,280.8436845093757,RHC,7,15
480,25,0.13858820699988428,278.74433480582076,RHC,7,15
481,26,0.13858820699988428,278.74433480582076,RHC,7,15
482,27,0.13858820699988428,278.74433480582076,RHC,7,15
483,28,0.13858820699988428,278.74433480582076,RHC,7,15
484,29,0.13858820699988428,278.74433480582076,RHC,7,15
485,30,0.13858820699988428,278.74433480582076,RHC,7,15
486,31,0.13858820699988428,278.74433480582076,RHC,7,15
487,32,0.13858820699988428,278.74433480582076,RHC,7,15
488,33,0.13858820699988428,239.92731139856843,RHC,7,15
489,34,0.13858820699988428,239.92731139856843,RHC,7,15
490,35,0.13858820699988428,239.92731139856843,RHC,7,15
491,36,0.13858820699988428,239.92731139856843,RHC,7,15
492,37,0.13858820699988428,239.92731139856843,RHC,7,15
493,38,0.13858820699988428,239.92731139856843,RHC,7,15
494,39,0.13858820699988428,239.92731139856843,RHC,7,15
495,40,0.13858820699988428,239.2254736526907,RHC,7,15
496,41,0.13858820699988428,239.2254736526907,RHC,7,15
497,42,0.13858820699988428,239.2254736526907,RHC,7,15
498,43,0.13858820699988428,239.2254736526907,RHC,7,15
499,44,0.13858820699988428,239.2254736526907,RHC,7,15
500,45,0.13858820699988428,239.2254736526907,RHC,7,15
501,46,0.13858820699988428,239.2254736526907,RHC,7,15
502,47,0.13858820699988428,239.2254736526907,RHC,7,15
503,48,0.13858820699988428,239.2254736526907,RHC,7,15
504,49,0.13858820699988428,239.2254736526907,RHC,7,15
505,50,0.13858820699988428,239.2254736526907,RHC,7,15
506,51,0.13858820699988428,239.2254736526907,RHC,7,15
507,52,0.13858820699988428,239.2254736526907,RHC,7,15
508,53,0.13858820699988428,239.2254736526907,RHC,7,15
509,54,0.13858820699988428,239.2254736526907,RHC,7,15
510,55,0.13858820699988428,239.2254736526907,RHC,7,15
511,56,0.13858820699988428,239.2254736526907,RHC,7,15
512,57,0.13858820699988428,239.2254736526907,RHC,7,15
513,58,0.13858820699988428,239.2254736526907,RHC,7,15
514,59,0.13858820699988428,239.2254736526907,RHC,7,15
515,60,0.13858820699988428,239.2254736526907,RHC,7,15
516,61,0.13858820699988428,239.2254736526907,RHC,7,15
517,62,0.13858820699988428,239.2254736526907,RHC,7,15
518,63,0.13858820699988428,239.2254736526907,RHC,7,15
519,64,0.13858820699988428,239.2254736526907,RHC,7,15
520,0,0.15283618900002693,384.977327055162,RHC,8,15
521,1,0.15283618900002693,371.8399341268464,RHC,8,15
522,2,0.15283618900002693,371.8399341268464,RHC,8,15
523,3,0.15283618900002693,371.8399341268464,RHC,8,15
524,4,0.15283618900002693,342.24598401437464,RHC,8,15
525,5,0.15283618900002693,337.5557030444724,RHC,8,15
526,6,0.15283618900002693,337.5557030444724,RHC,8,15
527,7,0.15283618900002693,337.5557030444724,RHC,8,15
528,8,0.15283618900002693,337.5557030444724,RHC,8,15
529,9,0.15283618900002693,337.5557030444724,RHC,8,15
530,10,0.15283618900002693,337.5557030444724,RHC,8,15
531,11,0.15283618900002693,337.5557030444724,RHC,8,15
532,12,0.15283618900002693,337.5557030444724,RHC,8,15
533,13,0.15283618900002693,337.5557030444724,RHC,8,15
534,14,0.15283618900002693,337.5557030444724,RHC,8,15
535,15,0.15283618900002693,337.5557030444724,RHC,8,15
536,16,0.15283618900002693,337.5557030444724,RHC,8,15
537,17,0.15283618900002693,280.8436845093757,RHC,8,15
538,18,0.15283618900002693,280.8436845093757,RHC,8,15
539,19,0.15283618900002693,280.8436845093757,RHC,8,15
540,20,0.15283618900002693,280.8436845093757,RHC,8,15
541,21,0.15283618900002693,280.8436845093757,RHC,8,15
542,22,0.15283618900002693,280.8436845093757,RHC,8,15
543,23,0.15283618900002693,280.8436845093757,RHC,8,15
544,24,0.15283618900002693,280.8436845093757,RHC,8,15
545,25,0.15283618900002693,278.74433480582076,RHC,8,15
546,26,0.15283618900002693,278.74433480582076,RHC,8,15
547,27,0.15283618900002693,278.74433480582076,RHC,8,15
548,28,0.15283618900002693,278.74433480582076,RHC,8,15
549,29,0.15283618900002693,278.74433480582076,RHC,8,15
550,30,0.15283618900002693,278.74433480582076,RHC,8,15
551,31,0.15283618900002693,278.74433480582076,RHC,8,15
552,32,0.15283618900002693,278.74433480582076,RHC,8,15
553,33,0.15283618900002693,239.92731139856843,RHC,8,15
554,34,0.15283618900002693,239.92731139856843,RHC,8,15
555,35,0.15283618900002693,239.92731139856843,RHC,8,15
556,36,0.15283618900002693,239.92731139856843,RHC,8,15
557,37,0.15283618900002693,239.92731139856843,RHC,8,15
558,38,0.15283618900002693,239.92731139856843,RHC,8,15
559,39,0.15283618900002693,239.92731139856843,RHC,8,15
560,40,0.15283618900002693,239.2254736526907,RHC,8,15
561,41,0.15283618900002693,239.2254736526907,RHC,8,15
562,42,0.15283618900002693,239.2254736526907,RHC,8,15
563,43,0.15283618900002693,239.2254736526907,RHC,8,15
564,44,0.15283618900002693,239.2254736526907,RHC,8,15
565,45,0.15283618900002693,239.2254736526907,RHC,8,15
566,46,0.15283618900002693,239.2254736526907,RHC,8,15
567,47,0.15283618900002693,239.2254736526907,RHC,8,15
568,48,0.15283618900002693,239.2254736526907,RHC,8,15
569,49,0.15283618900002693,239.2254736526907,RHC,8,15
570,50,0.15283618900002693,239.2254736526907,RHC,8,15
571,51,0.15283618900002693,239.2254736526907,RHC,8,15
572,52,0.15283618900002693,239.2254736526907,RHC,8,15
573,53,0.15283618900002693,239.2254736526907,RHC,8,15
574,54,0.15283618900002693,239.2254736526907,RHC,8,15
575,55,0.15283618900002693,239.2254736526907,RHC,8,15
576,56,0.15283618900002693,239.2254736526907,RHC,8,15
577,57,0.15283618900002693,239.2254736526907,RHC,8,15
578,58,0.15283618900002693,239.2254736526907,RHC,8,15
579,59,0.15283618900002693,239.2254736526907,RHC,8,15
580,60,0.15283618900002693,239.2254736526907,RHC,8,15
581,61,0.15283618900002693,239.2254736526907,RHC,8,15
582,62,0.15283618900002693,239.2254736526907,RHC,8,15
583,63,0.15283618900002693,239.2254736526907,RHC,8,15
584,64,0.15283618900002693,239.2254736526907,RHC,8,15
585,0,0.1670404849996885,311.77417571518174,RHC,9,15
586,1,0.1670404849996885,371.8399341268464,RHC,9,15
587,2,0.1670404849996885,371.8399341268464,RHC,9,15
588,3,0.1670404849996885,371.8399341268464,RHC,9,15
589,4,0.1670404849996885,342.24598401437464,RHC,9,15
590,5,0.1670404849996885,337.5557030444724,RHC,9,15
591,6,0.1670404849996885,337.5557030444724,RHC,9,15
592,7,0.1670404849996885,337.5557030444724,RHC,9,15
593,8,0.1670404849996885,337.5557030444724,RHC,9,15
594,9,0.1670404849996885,337.5557030444724,RHC,9,15
595,10,0.1670404849996885,337.5557030444724,RHC,9,15
596,11,0.1670404849996885,337.5557030444724,RHC,9,15
597,12,0.1670404849996885,337.5557030444724,RHC,9,15
598,13,0.1670404849996885,337.5557030444724,RHC,9,15
599,14,0.1670404849996885,337.5557030444724,RHC,9,15
600,15,0.1670404849996885,337.5557030444724,RHC,9,15
601,16,0.1670404849996885,337.5557030444724,RHC,9,15
602,17,0.1670404849996885,280.8436845093757,RHC,9,15
603,18,0.1670404849996885,280.8436845093757,RHC,9,15
604,19,0.1670404849996885,280.8436845093757,RHC,9,15
605,20,0.1670404849996885,280.8436845093757,RHC,9,15
606,21,0.1670404849996885,280.8436845093757,RHC,9,15
607,22,0.1670404849996885,280.8436845093757,RHC,9,15
608,23,0.1670404849996885,280.8436845093757,RHC,9,15
609,24,0.1670404849996885,280.8436845093757,RHC,9,15
610,25,0.1670404849996885,278.74433480582076,RHC,9,15
611,26,0.1670404849996885,278.74433480582076,RHC,9,15
612,27,0.1670404849996885,278.74433480582076,RHC,9,15
613,28,0.1670404849996885,278.74433480582076,RHC,9,15
614,29,0.1670404849996885,278.74433480582076,RHC,9,15
615,30,0.1670404849996885,278.74433480582076,RHC,9,15
616,31,0.1670404849996885,278.74433480582076,RHC,9,15
617,32,0.1670404849996885,278.74433480582076,RHC,9,15
618,33,0.1670404849996885,239.92731139856843,RHC,9,15
619,34,0.1670404849996885,239.92731139856843,RHC,9,15
620,35,0.1670404849996885,239.92731139856843,RHC,9,15
621,36,0.1670404849996885,239.92731139856843,RHC,9,15
622,37,0.1670404849996885,239.92731139856843,RHC,9,15
623,38,0.1670404849996885,239.92731139856843,RHC,9,15
624,39,0.1670404849996885,239.92731139856843,RHC,9,15
625,40,0.1670404849996885,239.2254736526907,RHC,9,15
626,41,0.1670404849996885,239.2254736526907,RHC,9,15
627,42,0.1670404849996885,239.2254736526907,RHC,9,15
628,43,0.1670404849996885,239.2254736526907,RHC,9,15
629,44,0.1670404849996885,239.2254736526907,RHC,9,15
630,45,0.1670404849996885,239.2254736526907,RHC,9,15
631,46,0.1670404849996885,239.2254736526907,RHC,9,15
632,47,0.1670404849996885,239.2254736526907,RHC,9,15
633,48,0.1670404849996885,239.2254736526907,RHC,9,15
634,49,0.1670404849996885,239.2254736526907,RHC,9,15
635,50,0.1670404849996885,239.2254736526907,RHC,9,15
636,51,0.1670404849996885,239.2254736526907,RHC,9,15
637,52,0.1670404849996885,239.2254736526907,RHC,9,15
638,53,0.1670404849996885,239.2254736526907,RHC,9,15
639,54,0.1670404849996885,239.2254736526907,RHC,9,15
640,55,0.1670404849996885,239.2254736526907,RHC,9,15
641,56,0.1670404849996885,239.2254736526907,RHC,9,15
642,57,0.1670404849996885,239.2254736526907,RHC,9,15
643,58,0.1670404849996885,239.2254736526907,RHC,9,15
644,59,0.1670404849996885,239.2254736526907,RHC,9,15
645,60,0.1670404849996885,239.2254736526907,RHC,9,15
646,61,0.1670404849996885,239.2254736526907,RHC,9,15
647,62,0.1670404849996885,239.2254736526907,RHC,9,15
648,63,0.1670404849996885,239.2254736526907,RHC,9,15
649,64,0.1670404849996885,239.2254736526907,RHC,9,15
650,0,0.18144413499976508,314.51046412478297,RHC,10,15
651,1,0.18144413499976508,371.8399341268464,RHC,10,15
652,2,0.18144413499976508,371.8399341268464,RHC,10,15
653,3,0.18144413499976508,371.8399341268464,RHC,10,15
654,4,0.18144413499976508,342.24598401437464,RHC,10,15
655,5,0.18144413499976508,337.5557030444724,RHC,10,15
656,6,0.18144413499976508,337.5557030444724,RHC,10,15
657,7,0.18144413499976508,337.5557030444724,RHC,10,15
658,8,0.18144413499976508,337.5557030444724,RHC,10,15
659,9,0.18144413499976508,337.5557030444724,RHC,10,15
660,10,0.18144413499976508,337.5557030444724,RHC,10,15
661,11,0.18144413499976508,337.5557030444724,RHC,10,15
662,12,0.18144413499976508,337.5557030444724,RHC,10,15
663,13,0.18144413499976508,337.5557030444724,RHC,10,15
664,14,0.18144413499976508,337.5557030444724,RHC,10,15
665,15,0.18144413499976508,337.5557030444724,RHC,10,15
666,16,0.18144413499976508,337.5557030444724,RHC,10,15
667,17,0.18144413499976508,280.8436845093757,RHC,10,15
668,18,0.18144413499976508,280.8436845093757,RHC,10,15
669,19,0.18144413499976508,280.8436845093757,RHC,10,15
670,20,0.18144413499976508,280.8436845093757,RHC,10,15
671,21,0.18144413499976508,280.8436845093757,RHC,10,15
672,22,0.18144413499976508,280.8436845093757,RHC,10,15
673,23,0.18144413499976508,280.8436845093757,RHC,10,15
674,24,0.18144413499976508,280.8436845093757,RHC,10,15
675,25,0.18144413499976508,278.74433480582076,RHC,10,15
676,26,0.18144413499976508,278.74433480582076,RHC,10,15
677,27,0.18144413499976508,278.74433480582076,RHC,10,15
678,28,0.18144413499976508,278.74433480582076,RHC,10,15
679,29,0.18144413499976508,278.74433480582076,RHC,10,15
680,30,0.18144413499976508,278.74433480582076,RHC,10,15
681,31,0.18144413499976508,278.74433480582076,RHC,10,15
682,32,0.18144413499976508,278.74433480582076,RHC,10,15
683,33,0.18144413499976508,239.92731139856843,RHC,10,15
684,34,0.18144413499976508,239.92731139856843,RHC,10,15
685,35,0.18144413499976508,239.92731139856843,RHC,10,15
686,36,0.18144413499976508,239.92731139856843,RHC,10,15
687,37,0.18144413499976508,239.92731139856843,RHC,10,15
688,38,0.18144413499976508,239.92731139856843,RHC,10,15
689,39,0.18144413499976508,239.92731139856843,RHC,10,15
690,40,0.18144413499976508,239.2254736526907,RHC,10,15
691,41,0.18144413499976508,239.2254736526907,RHC,10,15
692,42,0.18144413499976508,239.2254736526907,RHC,10,15
693,43,0.18144413499976508,239.2254736526907,RHC,10,15
694,44,0.18144413499976508,239.2254736526907,RHC,10,15
695,45,0.18144413499976508,239.2254736526907,RHC,10,15
696,46,0.18144413499976508,239.2254736526907,RHC,10,15
697,47,0.18144413499976508,239.2254736526907,RHC,10,15
698,48,0.18144413499976508,239.2254736526907,RHC,10,15
699,49,0.18144413499976508,239.2254736526907,RHC,10,15
700,50,0.18144413499976508,239.2254736526907,RHC,10,15
701,51,0.18144413499976508,239.2254736526907,RHC,10,15
702,52,0.18144413499976508,239.2254736526907,RHC,10,15
703,53,0.18144413499976508,239.2254736526907,RHC,10,15
704,54,0.18144413499976508,239.2254736526907,RHC,10,15
705,55,0.18144413499976508,239.2254736526907,RHC,10,15
706,56,0.18144413499976508,239.2254736526907,RHC,10,15
707,57,0.18144413499976508,239.2254736526907,RHC,10,15
708,58,0.18144413499976508,239.2254736526907,RHC,10,15
709,59,0.18144413499976508,239.2254736526907,RHC,10,15
710,60,0.18144413499976508,239.2254736526907,RHC,10,15
711,61,0.18144413499976508,239.2254736526907,RHC,10,15
712,62,0.18144413499976508,239.2254736526907,RHC,10,15
713,63,0.18144413499976508,239.2254736526907,RHC,10,15
714,64,0.18144413499976508,239.2254736526907,RHC,10,15
715,0,0.19646975999967253,346.56464406650247,RHC,11,15
716,1,0.19646975999967253,371.8399341268464,RHC,11,15
717,2,0.19646975999967253,371.8399341268464,RHC,11,15
718,3,0.19646975999967253,371.8399341268464,RHC,11,15
719,4,0.19646975999967253,342.24598401437464,RHC,11,15
720,5,0.19646975999967253,337.5557030444724,RHC,11,15
721,6,0.19646975999967253,337.5557030444724,RHC,11,15
722,7,0.19646975999967253,337.5557030444724,RHC,11,15
723,8,0.19646975999967253,337.5557030444724,RHC,11,15
724,9,0.19646975999967253,337.5557030444724,RHC,11,15
725,10,0.19646975999967253,337.5557030444724,RHC,11,15
726,11,0.19646975999967253,337.5557030444724,RHC,11,15
727,12,0.19646975999967253,337.5557030444724,RHC,11,15
728,13,0.19646975999967253,337.5557030444724,RHC,11,15
729,14,0.19646975999967253,337.5557030444724,RHC,11,15
730,15,0.19646975999967253,337.5557030444724,RHC,11,15
731,16,0.19646975999967253,337.5557030444724,RHC,11,15
732,17,0.19646975999967253,280.8436845093757,RHC,11,15
733,18,0.19646975999967253,280.8436845093757,RHC,11,15
734,19,0.19646975999967253,280.8436845093757,RHC,11,15
735,20,0.19646975999967253,280.8436845093757,RHC,11,15
736,21,0.19646975999967253,280.8436845093757,RHC,11,15
737,22,0.19646975999967253,280.8436845093757,RHC,11,15
738,23,0.19646975999967253,280.8436845093757,RHC,11,15
739,24,0.19646975999967253,280.8436845093757,RHC,11,15
740,25,0.19646975999967253,278.74433480582076,RHC,11,15
741,26,0.19646975999967253,278.74433480582076,RHC,11,15
742,27,0.19646975999967253,278.74433480582076,RHC,11,15
743,28,0.19646975999967253,278.74433480582076,RHC,11,15
744,29,0.19646975999967253,278.74433480582076,RHC,11,15
745,30,0.19646975999967253,278.74433480582076,RHC,11,15
746,31,0.19646975999967253,278.74433480582076,RHC,11,15
747,32,0.19646975999967253,278.74433480582076,RHC,11,15
748,33,0.19646975999967253,239.92731139856843,RHC,11,15
749,34,0.19646975999967253,239.92731139856843,RHC,11,15
750,35,0.19646975999967253,239.92731139856843,RHC,11,15
751,36,0.19646975999967253,239.92731139856843,RHC,11,15
752,37,0.19646975999967253,239.92731139856843,RHC,11,15
753,38,0.19646975999967253,239.92731139856843,RHC,11,15
754,39,0.19646975999967253,239.92731139856843,RHC,11,15
755,40,0.19646975999967253,239.2254736526907,RHC,11,15
756,41,0.19646975999967253,239.2254736526907,RHC,11,15
757,42,0.19646975999967253,239.2254736526907,RHC,11,15
758,43,0.19646975999967253,239.2254736526907,RHC,11,15
759,44,0.19646975999967253,239.2254736526907,RHC,11,15
760,45,0.19646975999967253,239.2254736526907,RHC,11,15
761,46,0.19646975999967253,239.2254736526907,RHC,11,15
762,47,0.19646975999967253,239.2254736526907,RHC,11,15
763,48,0.19646975999967253,239.2254736526907,RHC,11,15
764,49,0.19646975999967253,239.2254736526907,RHC,11,15
765,50,0.19646975999967253,239.2254736526907,RHC,11,15
766,51,0.19646975999967253,239.2254736526907,RHC,11,15
767,52,0.19646975999967253,239.2254736526907,RHC,11,15
768,53,0.19646975999967253,239.2254736526907,RHC,11,15
769,54,0.19646975999967253,239.2254736526907,RHC,11,15
770,55,0.19646975999967253,239.2254736526907,RHC,11,15
771,56,0.19646975999967253,239.2254736526907,RHC,11,15
772,57,0.19646975999967253,239.2254736526907,RHC,11,15
773,58,0.19646975999967253,239.2254736526907,RHC,11,15
774,59,0.19646975999967253,239.2254736526907,RHC,11,15
775,60,0.19646975999967253,239.2254736526907,RHC,11,15
776,61,0.19646975999967253,239.2254736526907,RHC,11,15
777,62,0.19646975999967253,239.2254736526907,RHC,11,15
778,63,0.19646975999967253,239.2254736526907,RHC,11,15
779,64,0.19646975999967253,239.2254736526907,RHC,11,15
780,0,0.21351764599967282,403.8713632783837,RHC,12,15
781,1,0.21351764599967282,371.8399341268464,RHC,12,15
782,2,0.21351764599967282,371.8399341268464,RHC,12,15
783,3,0.21351764599967282,371.8399341268464,RHC,12,15
784,4,0.21351764599967282,342.24598401437464,RHC,12,15
785,5,0.21351764599967282,337.5557030444724,RHC,12,15
786,6,0.21351764599967282,337.5557030444724,RHC,12,15
787,7,0.21351764599967282,337.5557030444724,RHC,12,15
788,8,0.21351764599967282,337.5557030444724,RHC,12,15
789,9,0.21351764599967282,337.5557030444724,RHC,12,15
790,10,0.21351764599967282,337.5557030444724,RHC,12,15
791,11,0.21351764599967282,337.5557030444724,RHC,12,15
792,12,0.21351764599967282,337.5557030444724,RHC,12,15
793,13,0.21351764599967282,337.5557030444724,RHC,12,15
794,14,0.21351764599967282,337.5557030444724,RHC,12,15
795,15,0.21351764599967282,337.5557030444724,RHC,12,15
796,16,0.21351764599967282,337.5557030444724,RHC,12,15
797,17,0.21351764599967282,280.8436845093757,RHC,12,15
798,18,0.21351764599967282,280.8436845093757,RHC,12,15
799,19,0.21351764599967282,280.8436845093757,RHC,12,15
800,20,0.21351764599967282,280.8436845093757,RHC,12,15
801,21,0.21351764599967282,280.8436845093757,RHC,12,15
802,22,0.21351764599967282,280.8436845093757,RHC,12,15
803,23,0.21351764599967282,280.8436845093757,RHC,12,15
804,24,0.21351764599967282,280.8436845093757,RHC,12,15
805,25,0.21351764599967282,278.74433480582076,RHC,12,15
806,26,0.21351764599967282,278.74433480582076,RHC,12,15
807,27,0.21351764599967282,278.74433480582076,RHC,12,15
808,28,0.21351764599967282,278.74433480582076,RHC,12,15
809,29,0.21351764599967282,278.74433480582076,RHC,12,15
810,30,0.21351764599967282,278.74433480582076,RHC,12,15
811,31,0.21351764599967282,278.74433480582076,RHC,12,15
812,32,0.21351764599967282,278.74433480582076,RHC,12,15
813,33,0.21351764599967282,239.92731139856843,RHC,12,15
814,34,0.21351764599967282,239.92731139856843,RHC,12,15
815,35,0.21351764599967282,239.92731139856843,RHC,12,15
816,36,0.21351764599967282,239.92731139856843,RHC,12,15
817,37,0.21351764599967282,239.92731139856843,RHC,12,15
818,38,0.21351764599967282,239.92731139856843,RHC,12,15
819,39,0.21351764599967282,239.92731139856843,RHC,12,15
820,40,0.21351764599967282,239.2254736526907,RHC,12,15
821,41,0.21351764599967282,239.2254736526907,RHC,12,15
822,42,0.21351764599967282,239.2254736526907,RHC,12,15
823,43,0.21351764599967282,239.2254736526907,RHC,12,15
824,44,0.21351764599967282,239.2254736526907,RHC,12,15
825,45,0.21351764599967282,239.2254736526907,RHC,12,15
826,46,0.21351764599967282,239.2254736526907,RHC,12,15
827,47,0.21351764599967282,239.2254736526907,RHC,12,15
828,48,0.21351764599967282,239.2254736526907,RHC,12,15
829,49,0.21351764599967282,239.2254736526907,RHC,12,15
830,50,0.21351764599967282,239.2254736526907,RHC,12,15
831,51,0.21351764599967282,239.2254736526907,RHC,12,15
832,52,0.21351764599967282,239.2254736526907,RHC,12,15
833,53,0.21351764599967282,239.2254736526907,RHC,12,15
834,54,0.21351764599967282,239.2254736526907,RHC,12,15
835,55,0.21351764599967282,239.2254736526907,RHC,12,15
836,56,0.21351764599967282,239.2254736526907,RHC,12,15
837,57,0.21351764599967282,239.2254736526907,RHC,12,15
838,58,0.21351764599967282,239.2254736526907,RHC,12,15
839,59,0.21351764599967282,239.2254736526907,RHC,12,15
840,60,0.21351764599967282,239.2254736526907,RHC,12,15
841,61,0.21351764599967282,239.2254736526907,RHC,12,15
842,62,0.21351764599967282,239.2254736526907,RHC,12,15
843,63,0.21351764599967282,239.2254736526907,RHC,12,15
844,64,0.21351764599967282,239.2254736526907,RHC,12,15
845,0,0.22990923499992277,315.5779511906326,RHC,13,15
846,1,0.22990923499992277,371.8399341268464,RHC,13,15
847,2,0.22990923499992277,371.8399341268464,RHC,13,15
848,3,0.22990923499992277,371.8399341268464,RHC,13,15
849,4,0.22990923499992277,342.24598401437464,RHC,13,15
850,5,0.22990923499992277,337.5557030444724,RHC,13,15
851,6,0.22990923499992277,337.5557030444724,RHC,13,15
852,7,0.22990923499992277,337.5557030444724,RHC,13,15
853,8,0.22990923499992277,337.5557030444724,RHC,13,15
854,9,0.22990923499992277,337.5557030444724,RHC,13,15
855,10,0.22990923499992277,337.5557030444724,RHC,13,15
856,11,0.22990923499992277,337.5557030444724,RHC,13,15
857,12,0.22990923499992277,337.5557030444724,RHC,13,15
858,13,0.22990923499992277,337.5557030444724,RHC,13,15
859,14,0.22990923499992277,337.5557030444724,RHC,13,15
860,15,0.22990923499992277,337.5557030444724,RHC,13,15
861,16,0.22990923499992277,337.5557030444724,RHC,13,15
862,17,0.22990923499992277,280.8436845093757,RHC,13,15
863,18,0.22990923499992277,280.8436845093757,RHC,13,15
864,19,0.22990923499992277,280.8436845093757,RHC,13,15
865,20,0.22990923499992277,280.8436845093757,RHC,13,15
866,21,0.22990923499992277,280.8436845093757,RHC,13,15
867,22,0.22990923499992277,280.8436845093757,RHC,13,15
868,23,0.22990923499992277,280.8436845093757,RHC,13,15
869,24,0.22990923499992277,280.8436845093757,RHC,13,15
870,25,0.22990923499992277,278.74433480582076,RHC,13,15
871,26,0.22990923499992277,278.74433480582076,RHC,13,15
872,27,0.22990923499992277,278.74433480582076,RHC,13,15
873,28,0.22990923499992277,278.74433480582076,RHC,13,15
874,29,0.22990923499992277,278.74433480582076,RHC,13,15
875,30,0.22990923499992277,278.74433480582076,RHC,13,15
876,31,0.22990923499992277,278.74433480582076,RHC,13,15
877,32,0.22990923499992277,278.74433480582076,RHC,13,15
878,33,0.22990923499992277,239.92731139856843,RHC,13,15
879,34,0.22990923499992277,239.92731139856843,RHC,13,15
880,35,0.22990923499992277,239.92731139856843,RHC,13,15
881,36,0.22990923499992277,239.92731139856843,RHC,13,15
882,37,0.22990923499992277,239.92731139856843,RHC,13,15
883,38,0.22990923499992277,239.92731139856843,RHC,13,15
884,39,0.22990923499992277,239.92731139856843,RHC,13,15
885,40,0.22990923499992277,239.2254736526907,RHC,13,15
886,41,0.22990923499992277,239.2254736526907,RHC,13,15
887,42,0.22990923499992277,239.2254736526907,RHC,13,15
888,43,0.22990923499992277,239.2254736526907,RHC,13,15
889,44,0.22990923499992277,239.2254736526907,RHC,13,15
890,45,0.22990923499992277,239.2254736526907,RHC,13,15
891,46,0.22990923499992277,239.2254736526907,RHC,13,15
892,47,0.22990923499992277,239.2254736526907,RHC,13,15
893,48,0.22990923499992277,239.2254736526907,RHC,13,15
894,49,0.22990923499992277,239.2254736526907,RHC,13,15
895,50,0.22990923499992277,239.2254736526907,RHC,13,15
896,51,0.22990923499992277,239.2254736526907,RHC,13,15
897,52,0.22990923499992277,239.2254736526907,RHC,13,15
898,53,0.22990923499992277,239.2254736526907,RHC,13,15
899,54,0.22990923499992277,239.2254736526907,RHC,13,15
900,55,0.22990923499992277,239.2254736526907,RHC,13,15
901,56,0.22990923499992277,239.2254736526907,RHC,13,15
902,57,0.22990923499992277,239.2254736526907,RHC,13,15
903,58,0.22990923499992277,239.2254736526907,RHC,13,15
904,59,0.22990923499992277,239.2254736526907,RHC,13,15
905,60,0.22990923499992277,239.2254736526907,RHC,13,15
906,61,0.22990923499992277,239.2254736526907,RHC,13,15
907,62,0.22990923499992277,239.2254736526907,RHC,13,15
908,63,0.22990923499992277,239.2254736526907,RHC,13,15
909,64,0.22990923499992277,239.2254736526907,RHC,13,15
910,0,0.2504841429999942,392.3295799257558,RHC,14,15
911,1,0.2504841429999942,371.8399341268464,RHC,14,15
912,2,0.2504841429999942,371.8399341268464,RHC,14,15
913,3,0.2504841429999942,371.8399341268464,RHC,14,15
914,4,0.2504841429999942,342.24598401437464,RHC,14,15
915,5,0.2504841429999942,337.5557030444724,RHC,14,15
916,6,0.2504841429999942,337.5557030444724,RHC,14,15
917,7,0.2504841429999942,337.5557030444724,RHC,14,15
918,8,0.2504841429999942,337.5557030444724,RHC,14,15
919,9,0.2504841429999942,337.5557030444724,RHC,14,15
920,10,0.2504841429999942,337.5557030444724,RHC,14,15
921,11,0.2504841429999942,337.5557030444724,RHC,14,15
922,12,0.2504841429999942,337.5557030444724,RHC,14,15
923,13,0.2504841429999942,337.5557030444724,RHC,14,15
924,14,0.2504841429999942,337.5557030444724,RHC,14,15
925,15,0.2504841429999942,337.5557030444724,RHC,14,15
926,16,0.2504841429999942,337.5557030444724,RHC,14,15
927,17,0.2504841429999942,280.8436845093757,RHC,14,15
928,18,0.2504841429999942,280.8436845093757,RHC,14,15
929,19,0.2504841429999942,280.8436845093757,RHC,14,15
930,20,0.2504841429999942,280.8436845093757,RHC,14,15
931,21,0.2504841429999942,280.8436845093757,RHC,14,15
932,22,0.2504841429999942,280.8436845093757,RHC,14,15
933,23,0.2504841429999942,280.8436845093757,RHC,14,15
934,24,0.2504841429999942,280.8436845093757,RHC,14,15
935,25,0.2504841429999942,278.74433480582076,RHC,14,15
936,26,0.2504841429999942,278.74433480582076,RHC,14,15
937,27,0.2504841429999942,278.74433480582076,RHC,14,15
938,28,0.2504841429999942,278.74433480582076,RHC,14,15
939,29,0.2504841429999942,278.74433480582076,RHC,14,15
940,30,0.2504841429999942,278.74433480582076,RHC,14,15
941,31,0.2504841429999942,278.74433480582076,RHC,14,15
942,32,0.2504841429999942,278.74433480582076,RHC,14,15
943,33,0.2504841429999942,239.92731139856843,RHC,14,15
944,34,0.2504841429999942,239.92731139856843,RHC,14,15
945,35,0.2504841429999942,239.92731139856843,RHC,14,15
946,36,0.2504841429999942,239.92731139856843,RHC,14,15
947,37,0.2504841429999942,239.92731139856843,RHC,14,15
948,38,0.2504841429999942,239.92731139856843,RHC,14,15
949,39,0.2504841429999942,239.92731139856843,RHC,14,15
950,40,0.2504841429999942,239.2254736526907,RHC,14,15
951,41,0.2504841429999942,239.2254736526907,RHC,14,15
952,42,0.2504841429999942,239.2254736526907,RHC,14,15
953,43,0.2504841429999942,239.2254736526907,RHC,14,15
954,44,0.2504841429999942,239.2254736526907,RHC,14,15
955,45,0.2504841429999942,239.2254736526907,RHC,14,15
956,46,0.2504841429999942,239.2254736526907,RHC,14,15
957,47,0.2504841429999942,239.2254736526907,RHC,14,15
958,48,0.2504841429999942,239.2254736526907,RHC,14,15
959,49,0.2504841429999942,239.2254736526907,RHC,14,15
960,50,0.2504841429999942,239.2254736526907,RHC,14,15
961,51,0.2504841429999942,239.2254736526907,RHC,14,15
962,52,0.2504841429999942,239.2254736526907,RHC,14,15
963,53,0.2504841429999942,239.2254736526907,RHC,14,15
964,54,0.2504841429999942,239.2254736526907,RHC,14,15
965,55,0.2504841429999942,239.2254736526907,RHC,14,15
966,56,0.2504841429999942,239.2254736526907,RHC,14,15
967,57,0.2504841429999942,239.2254736526907,RHC,14,15
968,58,0.2504841429999942,239.2254736526907,RHC,14,15
969,59,0.2504841429999942,239.2254736526907,RHC,14,15
970,60,0.2504841429999942,239.2254736526907,RHC,14,15
971,61,0.2504841429999942,239.2254736526907,RHC,14,15
972,62,0.2504841429999942,239.2254736526907,RHC,14,15
973,63,0.2504841429999942,239.2254736526907,RHC,14,15
974,64,0.2504841429999942,239.2254736526907,RHC,14,15
975,0,0.26924182599987034,336.03665214466855,RHC,15,15
976,1,0.26924182599987034,371.8399341268464,RHC,15,15
977,2,0.26924182599987034,371.8399341268464,RHC,15,15
978,3,0.26924182599987034,371.8399341268464,RHC,15,15
979,4,0.26924182599987034,342.24598401437464,RHC,15,15
980,5,0.26924182599987034,337.5557030444724,RHC,15,15
981,6,0.26924182599987034,337.5557030444724,RHC,15,15
982,7,0.26924182599987034,337.5557030444724,RHC,15,15
983,8,0.26924182599987034,337.5557030444724,RHC,15,15
984,9,0.26924182599987034,337.5557030444724,RHC,15,15
985,10,0.26924182599987034,337.5557030444724,RHC,15,15
986,11,0.26924182599987034,337.5557030444724,RHC,15,15
987,12,0.26924182599987034,337.5557030444724,RHC,15,15
988,13,0.26924182599987034,337.5557030444724,RHC,15,15
989,14,0.26924182599987034,337.5557030444724,RHC,15,15
990,15,0.26924182599987034,337.5557030444724,RHC,15,15
991,16,0.26924182599987034,337.5557030444724,RHC,15,15
992,17,0.26924182599987034,280.8436845093757,RHC,15,15
993,18,0.26924182599987034,280.8436845093757,RHC,15,15
994,19,0.26924182599987034,280.8436845093757,RHC,15,15
995,20,0.26924182599987034,280.8436845093757,RHC,15,15
996,21,0.26924182599987034,280.8436845093757,RHC,15,15
997,22,0.26924182599987034,280.8436845093757,RHC,15,15
998,23,0.26924182599987034,280.8436845093757,RHC,15,15
999,24,0.26924182599987034,280.8436845093757,RHC,15,15
1000,25,0.26924182599987034,278.74433480582076,RHC,15,15
1001,26,0.26924182599987034,278.74433480582076,RHC,15,15
1002,27,0.26924182599987034,278.74433480582076,RHC,15,15
1003,28,0.26924182599987034,278.74433480582076,RHC,15,15
1004,29,0.26924182599987034,278.74433480582076,RHC,15,15
1005,30,0.26924182599987034,278.74433480582076,RHC,15,15
1006,31,0.26924182599987034,278.74433480582076,RHC,15,15
1007,32,0.26924182599987034,278.74433480582076,RHC,15,15
1008,33,0.26924182599987034,239.92731139856843,RHC,15,15
1009,34,0.26924182599987034,239.92731139856843,RHC,15,15
1010,35,0.26924182599987034,239.92731139856843,RHC,15,15
1011,36,0.26924182599987034,239.92731139856843,RHC,15,15
1012,37,0.26924182599987034,239.92731139856843,RHC,15,15
1013,38,0.26924182599987034,239.92731139856843,RHC,15,15
1014,39,0.26924182599987034,239.92731139856843,RHC,15,15
1015,40,0.26924182599987034,239.2254736526907,RHC,15,15
1016,41,0.26924182599987034,239.2254736526907,RHC,15,15
1017,42,0.26924182599987034,239.2254736526907,RHC,15,15
1018,43,0.26924182599987034,239.2254736526907,RHC,15,15
1019,44,0.26924182599987034,239.2254736526907,RHC,15,15
1020,45,0.26924182599987034,239.2254736526907,RHC,15,15
1021,46,0.26924182599987034,239.2254736526907,RHC,15,15
1022,47,0.26924182599987034,239.2254736526907,RHC,15,15
1023,48,0.26924182599987034,239.2254736526907,RHC,15,15
1024,49,0.26924182599987034,239.2254736526907,RHC,15,15
1025,50,0.26924182599987034,239.2254736526907,RHC,15,15
1026,51,0.26924182599987034,239.2254736526907,RHC,15,15
1027,52,0.26924182599987034,239.2254736526907,RHC,15,15
1028,53,0.26924182599987034,239.2254736526907,RHC,15,15
1029,54,0.26924182599987034,239.2254736526907,RHC,15,15
1030,55,0.26924182599987034,239.2254736526907,RHC,15,15
1031,56,0.26924182599987034,239.2254736526907,RHC,15,15
1032,57,0.26924182599987034,239.2254736526907,RHC,15,15
1033,58,0.26924182599987034,239.2254736526907,RHC,15,15
1034,59,0.26924182599987034,239.2254736526907,RHC,15,15
1035,60,0.26924182599987034,239.2254736526907,RHC,15,15
1036,61,0.26924182599987034,239.2254736526907,RHC,15,15
1037,62,0.26924182599987034,239.2254736526907,RHC,15,15
1038,63,0.26924182599987034,239.2254736526907,RHC,15,15
1039,64,0.26924182599987034,239.2254736526907,RHC,15,15
